-- MySQL dump 10.13  Distrib 5.5.29, for debian-linux-gnu (x86_64)
--
-- Host: lisa.duffnet.local    Database: nysed_irs
-- ------------------------------------------------------
-- Server version	5.5.24-0ubuntu0.12.04.1

/*!40101 SET @OLD_CHARACTER_SET_CLIENT=@@CHARACTER_SET_CLIENT */;
/*!40101 SET @OLD_CHARACTER_SET_RESULTS=@@CHARACTER_SET_RESULTS */;
/*!40101 SET @OLD_COLLATION_CONNECTION=@@COLLATION_CONNECTION */;
/*!40101 SET NAMES utf8 */;
/*!40103 SET @OLD_TIME_ZONE=@@TIME_ZONE */;
/*!40103 SET TIME_ZONE='+00:00' */;
/*!40014 SET @OLD_UNIQUE_CHECKS=@@UNIQUE_CHECKS, UNIQUE_CHECKS=0 */;
/*!40014 SET @OLD_FOREIGN_KEY_CHECKS=@@FOREIGN_KEY_CHECKS, FOREIGN_KEY_CHECKS=0 */;
/*!40101 SET @OLD_SQL_MODE=@@SQL_MODE, SQL_MODE='NO_AUTO_VALUE_ON_ZERO' */;
/*!40111 SET @OLD_SQL_NOTES=@@SQL_NOTES, SQL_NOTES=0 */;

--
-- Table structure for table `counties`
--

DROP TABLE IF EXISTS `counties`;
/*!40101 SET @saved_cs_client     = @@character_set_client */;
/*!40101 SET character_set_client = utf8 */;
CREATE TABLE `counties` (
  `countyid` int(11) NOT NULL AUTO_INCREMENT,
  `countyname` text NOT NULL,
  PRIMARY KEY (`countyid`)
) ENGINE=InnoDB AUTO_INCREMENT=376 DEFAULT CHARSET=latin1;
/*!40101 SET character_set_client = @saved_cs_client */;

--
-- Dumping data for table `counties`
--

LOCK TABLES `counties` WRITE;
/*!40000 ALTER TABLE `counties` DISABLE KEYS */;
INSERT INTO `counties` VALUES (319,'ALBANY'),(320,'ALLEGANY'),(321,'BROOME'),(322,'CATTARAUGUS'),(323,'CAYUGA'),(324,'CHAUTAUQUA'),(325,'CHEMUNG'),(326,'CHENANGO'),(327,'CLINTON'),(328,'COLUMBIA'),(329,'CORTLAND'),(330,'DELAWARE'),(331,'DUTCHESS'),(332,'ERIE'),(333,'ESSEX'),(334,'FRANKLIN'),(335,'FULTON'),(336,'GENESEE'),(337,'GREENE'),(338,'HAMILTON'),(339,'HERKIMER'),(340,'JEFFERSON'),(341,'LEWIS'),(342,'LIVINGSTON'),(343,'MADISON'),(344,'MONROE'),(345,'MONTGOMERY'),(346,'NASSAU'),(347,'NIAGARA'),(348,'ONEIDA'),(349,'ONONDAGA'),(350,'ONTARIO'),(351,'ORANGE'),(352,'ORLEANS'),(353,'OSWEGO'),(354,'OTSEGO'),(355,'PUTNAM'),(356,'RENSSELAER'),(357,'ROCKLAND'),(358,'SARATOGA'),(359,'SCHENECTADY'),(360,'SCHOHARIE'),(361,'SCHUYLER'),(362,'SENECA'),(363,'ST. LAWRENCE'),(364,'STEUBEN'),(365,'SUFFOLK'),(366,'SULLIVAN'),(367,'TIOGA'),(368,'TOMPKINS'),(369,'ULSTER'),(370,'WARREN'),(371,'WASHINGTON'),(372,'WAYNE'),(373,'WESTCHESTER'),(374,'WYOMING'),(375,'YATES');
/*!40000 ALTER TABLE `counties` ENABLE KEYS */;
UNLOCK TABLES;

--
-- Table structure for table `districts`
--

DROP TABLE IF EXISTS `districts`;
/*!40101 SET @saved_cs_client     = @@character_set_client */;
/*!40101 SET character_set_client = utf8 */;
CREATE TABLE `districts` (
  `districtid` int(11) NOT NULL AUTO_INCREMENT,
  `districtname` text NOT NULL,
  PRIMARY KEY (`districtid`)
) ENGINE=InnoDB AUTO_INCREMENT=7085 DEFAULT CHARSET=latin1;
/*!40101 SET character_set_client = @saved_cs_client */;

--
-- Dumping data for table `districts`
--

LOCK TABLES `districts` WRITE;
/*!40000 ALTER TABLE `districts` DISABLE KEYS */;
INSERT INTO `districts` VALUES (6389,''),(6390,'Albany City School District'),(6391,'Berne-Knox-Westerlo Central School District'),(6392,'Bethlehem Central School District'),(6393,'Cohoes City School District'),(6394,'Green Island Union Free School District'),(6395,'Guilderland Central School District'),(6396,'Menands Union Free School District'),(6397,'North Colonie Csd'),(6398,'Ravena-Coeymans-Selkirk Central School District'),(6399,'South Colonie Central School District'),(6400,'Voorheesville Central School District'),(6401,'Watervliet City School District'),(6402,'Alfred-Almond Central School District'),(6403,'Andover Central School District'),(6404,'Belfast Central School District'),(6405,'Bolivar-Richburg Central School District'),(6406,'Canaseraga Central School District'),(6407,'Cuba-Rushford Central School District'),(6408,'Fillmore Central School District'),(6409,'Friendship Central School District'),(6410,'Genesee Valley Central School District At Angelica-Belmont'),(6411,'Scio Central School District'),(6412,'Wellsville Central School District'),(6413,'Whitesville Central School District'),(6414,'Binghamton City School District'),(6415,'Chenango Forks Central School District'),(6416,'Chenango Valley Central School District'),(6417,'Deposit Central School District'),(6418,'Harpursville Central School District'),(6419,'Johnson City Central School District'),(6420,'Maine-Endwell Central School District'),(6421,'Susquehanna Valley Central School District'),(6422,'Union-Endicott Central School District'),(6423,'Vestal Central School District'),(6424,'Whitney Point Central School District'),(6425,'Windsor Central School District'),(6426,'Allegany-Limestone Central School District'),(6427,'Cattaraugus-Little Valley Central School District'),(6428,'Ellicottville Central School District'),(6429,'Franklinville Central School District'),(6430,'Gowanda Central School District'),(6431,'Hinsdale Central School District'),(6432,'Olean City School District'),(6433,'Portville Central School District'),(6434,'Randolph Academy Union Free School District'),(6435,'Randolph Central School District'),(6436,'Salamanca City School District'),(6437,'West Valley Central School District'),(6438,'Yorkshire-Pioneer Central School District'),(6439,'Auburn City School District'),(6440,'Cato-Meridian Central School District'),(6441,'Moravia Central School District'),(6442,'Port Byron Central School District'),(6443,'Southern Cayuga Central School District'),(6444,'Union Springs Central School District'),(6445,'Weedsport Central School District'),(6446,'Bemus Point Central School District'),(6447,'Brocton Central School District'),(6448,'Cassadaga Valley Central School District'),(6449,'Chautauqua Lake Central School District'),(6450,'Clymer Central School District'),(6451,'Dunkirk City School District'),(6452,'Falconer Central School District'),(6453,'Forestville Central School District'),(6454,'Fredonia Central School District'),(6455,'Frewsburg Central School District'),(6456,'Jamestown City School District'),(6457,'Panama Central School District'),(6458,'Pine Valley Central School District (South Dayton)'),(6459,'Ripley Central School District'),(6460,'Sherman Central School District'),(6461,'Silver Creek Central School District'),(6462,'Southwestern Central School District At Jamestown'),(6463,'Westfield Central School District'),(6464,'Elmira City School District'),(6465,'Elmira Heights Central School District'),(6466,'Horseheads Central School District'),(6467,'Afton Central School District'),(6468,'Bainbridge-Guilford Central School District'),(6469,'Georgetown-South Otselic Central School District'),(6470,'Greene Central School District'),(6471,'Norwich City School District'),(6472,'Oxford Academy And Central School District'),(6473,'Sherburne-Earlville Central School District'),(6474,'Unadilla Valley Central School District'),(6475,'Ausable Valley Central School District'),(6476,'Beekmantown Central School District'),(6477,'Chazy Union Free School District'),(6478,'Northeastern Clinton Central School District'),(6479,'Northern Adirondack Central School District'),(6480,'Peru Central School District'),(6481,'Plattsburgh City School District'),(6482,'Saranac Central School District'),(6483,'Berkshire Union Free School District'),(6484,'Chatham Central School District'),(6485,'Germantown Central School District'),(6486,'Hudson City School District'),(6487,'Kinderhook Central School District'),(6488,'New Lebanon Central School District'),(6489,'Taconic Hills Central School District'),(6490,'Cincinnatus Central School District'),(6491,'Cortland City School District'),(6492,'Homer Central School District'),(6493,'Marathon Central School District'),(6494,'Mcgraw Central School District'),(6495,'Andes Central School District'),(6496,'Charlotte Valley Central School District'),(6497,'Delaware Academy Central School District At Delhi'),(6498,'Delhi Central School District'),(6499,'Downsville Central School District'),(6500,'Franklin Central School District'),(6501,'Hancock Central School District'),(6502,'Margaretville Central School District'),(6503,'Roxbury Central School District'),(6504,'Sidney Central School District'),(6505,'South Kortright Central School District'),(6506,'Stamford Central School District'),(6507,'Walton Central School District'),(6508,'Arlington Central School District'),(6509,'Beacon City School District'),(6510,'Dover Union Free School District'),(6511,'Hyde Park Central School District'),(6512,'Millbrook Central School District'),(6513,'Northeast Central School District'),(6514,'Pawling Central School District'),(6515,'Pine Plains Central School District'),(6516,'Poughkeepsie City School District'),(6517,'Red Hook Central School District'),(6518,'Rhinebeck Central School District'),(6519,'Spackenkill Union Free School District'),(6520,'Wappingers Central School District'),(6521,'Akron Central School District'),(6522,'Alden Central School District'),(6523,'Amherst Central School District'),(6524,'Buffalo City School District'),(6525,'Cheektowaga Central School District'),(6526,'Cheektowaga-Maryvale Union Free School District'),(6527,'Cheektowaga-Sloan Union Free School District'),(6528,'Clarence Central School District'),(6529,'Cleveland Hill Union Free School District'),(6530,'Depew Union Free School District'),(6531,'East Aurora Union Free School District'),(6532,'Eden Central School District'),(6533,'Evans-Brant Central School District (Lake Shore)'),(6534,'Frontier Central School District'),(6535,'Grand Island Central School District'),(6536,'Hamburg Central School District'),(6537,'Holland Central School District'),(6538,'Hopevale Union Free School District At Hamburg'),(6539,'Iroquois Central School District'),(6540,'Kenmore-Tonawanda Union Free School District'),(6541,'Lackawanna City School District'),(6542,'Lancaster Central School District'),(6543,'North Collins Central School District'),(6544,'Orchard Park Central School District'),(6545,'Springville-Griffith Institute Central School District'),(6546,'Sweet Home Central School District'),(6547,'Tonawanda City School District'),(6548,'West Seneca Central School District'),(6549,'Williamsville Central School District'),(6550,'Crown Point Central School District'),(6551,'Elizabethtown-Lewis Central School District'),(6552,'Keene Central School District'),(6553,'Lake Placid Central School District'),(6554,'Minerva Central School District'),(6555,'Moriah Central School District'),(6556,'Newcomb Central School District'),(6557,'Schroon Lake Central School District'),(6558,'Ticonderoga Central School District'),(6559,'Westport Central School District'),(6560,'Willsboro Central School District'),(6561,'Brushton-Moira Central School District'),(6562,'Chateaugay Central School District'),(6563,'Malone Central School District'),(6564,'Saint Regis Falls Central School District'),(6565,'Salmon River Central School District'),(6566,'Saranac Lake Central School District'),(6567,'Tupper Lake Central School District'),(6568,'Broadalbin-Perth Central School District'),(6569,'Gloversville City School District'),(6570,'Johnstown City School District'),(6571,'Mayfield Central School District'),(6572,'Northville Central School District'),(6573,'Oppenheim-Ephratah Central School District'),(6574,'Wheelerville Union Free School District'),(6575,'Alexander Central School District'),(6576,'Batavia City School District'),(6577,'Byron-Bergen Central School District'),(6578,'Elba Central School District'),(6579,'Le Roy Central School District'),(6580,'Oakfield-Alabama Central School District'),(6581,'Pavilion Central School District'),(6582,'Pembroke Central School District'),(6583,'Cairo-Durham Central School District'),(6584,'Catskill Central School District'),(6585,'Coxsackie-Athens Central School District'),(6586,'Greenville Central School District'),(6587,'Hunter-Tannersville Central School District'),(6588,'Windham-Ashland-Jewett Central School District'),(6589,'Indian Lake Central School District'),(6590,'Inlet Common School District'),(6591,'Lake Pleasant Central School District'),(6592,'Long Lake Central School District'),(6593,'Piseco Common School District'),(6594,'Wells Central School District'),(6595,'Dolgeville Central School District'),(6596,'Frankfort-Schuyler Central School District'),(6597,'Herkimer Central School District'),(6598,'Ilion Central School District'),(6599,'Little Falls City School District'),(6600,'Mohawk Central School District'),(6601,'Mount Markham Central School District'),(6602,'Poland Central School District'),(6603,'Town Of Webb Union Free School District'),(6604,'Van Hornesville-Owen D Young Central School District'),(6605,'West Canada Valley Central School District'),(6606,'Alexandria Central School District'),(6607,'Belleville Henderson Central School District'),(6608,'Carthage Central School District'),(6609,'General Brown Central School District'),(6610,'Indian River Central School District'),(6611,'La Fargeville Central School District'),(6612,'Lyme Central School District'),(6613,'Sackets Harbor Central School District'),(6614,'South Jefferson Central School District'),(6615,'Thousand Islands Central School District'),(6616,'Watertown City School District'),(6617,'Beaver River Central School District'),(6618,'Copenhagen Central School District'),(6619,'Harrisville Central School District'),(6620,'Lowville Academy & Central School District'),(6621,'South Lewis Central School District'),(6622,'Avon Central School District'),(6623,'Caledonia-Mumford Central School District'),(6624,'Dalton-Nunda Central School District (Keshequa)'),(6625,'Dansville Central School District'),(6626,'Geneseo Central School District'),(6627,'Livonia Central School District'),(6628,'Mount Morris Central School District'),(6629,'York Central School District'),(6630,'Brookfield Central School District'),(6631,'Canastota Central School District'),(6632,'Cazenovia Central School District'),(6633,'Chittenango Central School District'),(6634,'Deruyter Central School District'),(6635,'Hamilton Central School District'),(6636,'Madison Central School District'),(6637,'Morrisville-Eaton Central School District'),(6638,'Oneida City School District'),(6639,'Stockbridge Valley Central School District'),(6640,'Brighton Central School District'),(6641,'Brockport Central School District'),(6642,'Churchville-Chili Central School District'),(6643,'East Irondequoit Central School District'),(6644,'East Rochester Union Free School District'),(6645,'Fairport Central School District'),(6646,'Gates-Chili Central School District'),(6647,'Greece Central School District'),(6648,'Hilton Central School District'),(6649,'Honeoye Falls-Lima Central School District'),(6650,'Penfield Central School District'),(6651,'Pittsford Central School District'),(6652,'Rochester City School District'),(6653,'Rush-Henrietta Central School District'),(6654,'Spencerport Central School District'),(6655,'Webster Central School District'),(6656,'West Irondequoit Central School District'),(6657,'Wheatland-Chili Central School District'),(6658,'Amsterdam City School District'),(6659,'Canajoharie Central School District'),(6660,'Fonda-Fultonville Central School District'),(6661,'Fort Plain Central School District'),(6662,'Saint Johnsville Central School District'),(6663,'Baldwin Union Free School District'),(6664,'Bellmore Union Free School District'),(6665,'Bellmore-Merrick Central High School District'),(6666,'Bethpage Union Free School District'),(6667,'Carle Place Union Free School District'),(6668,'East Meadow Union Free School District'),(6669,'East Rockaway Union Free School District'),(6670,'East Williston Union Free School District'),(6671,'Elmont Union Free School District'),(6672,'Farmingdale Union Free School District'),(6673,'Floral Park-Bellerose Union Free School District'),(6674,'Franklin Square Union Free School District'),(6675,'Freeport Union Free School District'),(6676,'Garden City Union Free School District'),(6677,'Glen Cove City School District'),(6678,'Great Neck Union Free School District'),(6679,'Hempstead Union Free School District'),(6680,'Herricks Union Free School District'),(6681,'Hewlett-Woodmere Union Free School District'),(6682,'Hicksville Union Free School District'),(6683,'Island Park Union Free School District'),(6684,'Island Trees Union Free School District'),(6685,'Jericho Union Free School District'),(6686,'Lawrence Union Free School District'),(6687,'Levittown Union Free School District'),(6688,'Locust Valley Central School District'),(6689,'Long Beach City School District'),(6690,'Lynbrook Union Free School District'),(6691,'Malverne Union Free School District'),(6692,'Manhasset Union Free School District'),(6693,'Massapequa Union Free School District'),(6694,'Merrick Union Free School District'),(6695,'Mineola Union Free School District'),(6696,'New Hyde Park-Garden City Park Union Free School District'),(6697,'North Bellmore Union Free School District'),(6698,'North Merrick Union Free School District'),(6699,'North Shore Central School District'),(6700,'Oceanside Union Free School District'),(6701,'Oyster Bay-East Norwich Central School District'),(6702,'Plainedge Union Free School District'),(6703,'Plainview-Old Bethpage Central School District'),(6704,'Port Washington Union Free School District'),(6705,'Rockville Centre Union Free School District'),(6706,'Roosevelt Union Free School District'),(6707,'Roslyn Union Free School District'),(6708,'Seaford Union Free School District'),(6709,'Sewanhaka Central High School District'),(6710,'Syosset Central School District'),(6711,'Uniondale Union Free School District'),(6712,'Valley Stream 13 Union Free School District'),(6713,'Valley Stream 24 Union Free School District'),(6714,'Valley Stream 30 Union Free School District'),(6715,'Valley Stream Central High School District'),(6716,'Wantagh Union Free School District'),(6717,'West Hempstead Union Free School District'),(6718,'Westbury Union Free School District'),(6719,'Barker Central School District'),(6720,'Lewiston-Porter Central School District'),(6721,'Lockport City School District'),(6722,'Newfane Central School District'),(6723,'Niagara Falls City School District'),(6724,'Niagara-Wheatfield Central School District'),(6725,'North Tonawanda City School District'),(6726,'Royalton-Hartland Central School District'),(6727,'Starpoint Central School District'),(6728,'Wilson Central School District'),(6729,'Adirondack Central School District'),(6730,'Camden Central School District'),(6731,'Clinton Central School District'),(6732,'Holland Patent Central School District'),(6733,'New Hartford Central School District'),(6734,'New York Mills Union Free School District'),(6735,'Oriskany Central School District'),(6736,'Remsen Central School District'),(6737,'Rome City School District'),(6738,'Sauquoit Valley Central School District'),(6739,'Sherrill City School District'),(6740,'Utica City School District'),(6741,'Waterville Central School District'),(6742,'Westmoreland Central School District'),(6743,'Whitesboro Central School District'),(6744,'Baldwinsville Central School District'),(6745,'East Syracuse-Minoa Central School District'),(6746,'Fabius-Pompey Central School District'),(6747,'Fayetteville-Manlius Central School District'),(6748,'Jamesville-Dewitt Central School District'),(6749,'Jordan-Elbridge Central School District'),(6750,'Lafayette Central School District'),(6751,'Liverpool Central School District'),(6752,'Lyncourt Union Free School District'),(6753,'Marcellus Central School District'),(6754,'North Syracuse Central School District'),(6755,'Onondaga Central School District'),(6756,'Skaneateles Central School District'),(6757,'Solvay Union Free School District'),(6758,'Syracuse City School District'),(6759,'Tully Central School District'),(6760,'West Genesee Central School District'),(6761,'Westhill Central School District'),(6762,'Canandaigua City School District'),(6763,'East Bloomfield Central School District'),(6764,'Geneva City School District'),(6765,'Gorham-Middlesex Central School District (Marcus Whitman)'),(6766,'Honeoye Central School District'),(6767,'Manchester-Shortsville Central School District (Red Jacket)'),(6768,'Naples Central School District'),(6769,'Phelps-Clifton Springs Central School District'),(6770,'Victor Central School District'),(6771,'Chester Union Free School District'),(6772,'Cornwall Central School District'),(6773,'Florida Union Free School District'),(6774,'Goshen Central School District'),(6775,'Greenwood Lake Union Free School District'),(6776,'Highland Falls Central School District'),(6777,'Kiryas Joel Village Union Free School District'),(6778,'Middletown City School District'),(6779,'Minisink Valley Central School District'),(6780,'Monroe-Woodbury Central School District'),(6781,'Newburgh City School District'),(6782,'Pine Bush Central School District'),(6783,'Port Jervis City School District'),(6784,'Tuxedo Union Free School District'),(6785,'Valley Central School District (Montgomery)'),(6786,'Warwick Valley Central School District'),(6787,'Washingtonville Central School District'),(6788,'Albion Central School District'),(6789,'Holley Central School District'),(6790,'Kendall Central School District'),(6791,'Lyndonville Central School District'),(6792,'Medina Central School District'),(6793,'Altmar Parish-Williamstown Central School District'),(6794,'Central Square Central School District'),(6795,'Fulton City School District'),(6796,'Hannibal Central School District'),(6797,'Mexico Central School District'),(6798,'Oswego City School District'),(6799,'Phoenix Central School District'),(6800,'Pulaski Central School District'),(6801,'Sandy Creek Central School District'),(6802,'Cherry Valley-Springfield Central School District'),(6803,'Cooperstown Central School District'),(6804,'Edmeston Central School District'),(6805,'Gilbertsville-Mount Upton Central School District'),(6806,'Laurens Central School District'),(6807,'Milford Central School District'),(6808,'Morris Central School District'),(6809,'Oneonta City School District'),(6810,'Otego-Unadilla Central School District'),(6811,'Richfield Springs Central School District'),(6812,'Schenevus Central School District'),(6813,'Worcester Central School District'),(6814,'Brewster Central School District'),(6815,'Carmel Central School District'),(6816,'Garrison Union Free School District'),(6817,'Haldane Central School District'),(6818,'Mahopac Central School District'),(6819,'Putnam Valley Central School District'),(6820,'Averill Park Central School District'),(6821,'Berlin Central School District'),(6822,'Brunswick Central School District (Brittonkill)'),(6823,'East Greenbush Central School District'),(6824,'Hoosic Valley Central School District'),(6825,'Hoosick Falls Central School District'),(6826,'Lansingburgh Central School District'),(6827,'North Greenbush Common School District (Williams)'),(6828,'Rensselaer City School District'),(6829,'Schodack Central School District'),(6830,'Troy City School District'),(6831,'Wynantskill Union Free School District'),(6832,'Clarkstown Central School District'),(6833,'East Ramapo Central School District (Spring Valley)'),(6834,'Haverstraw-Stony Point Csd (North Rockland)'),(6835,'Nanuet Union Free School District'),(6836,'Nyack Union Free School District'),(6837,'Pearl River Union Free School District'),(6838,'Ramapo Central School District (Suffern)'),(6839,'South Orangetown Central School District'),(6840,'Ballston Spa Central School District'),(6841,'Burnt Hills-Ballston Lake Central School District'),(6842,'Corinth Central School District'),(6843,'Edinburg Common School District'),(6844,'Galway Central School District'),(6845,'Mechanicville City School District'),(6846,'Saratoga Springs City School District'),(6847,'Schuylerville Central School District'),(6848,'Shenendehowa Central School District'),(6849,'South Glens Falls Central School District'),(6850,'Stillwater Central School District'),(6851,'Waterford-Halfmoon Union Free School District'),(6852,'Duanesburg Central School District'),(6853,'Niskayuna Central School District'),(6854,'Rotterdam-Mohonasen Central School District'),(6855,'Schalmont Central School District'),(6856,'Schenectady City School District'),(6857,'Scotia-Glenville Central School District'),(6858,'Cobleskill-Richmondville Central School District'),(6859,'Gilboa-Conesville Central School District'),(6860,'Jefferson Central School District'),(6861,'Middleburgh Central School District'),(6862,'Schoharie Central School District'),(6863,'Sharon Springs Central School District'),(6864,'Odessa-Montour Central School District'),(6865,'Watkins Glen Central School District'),(6866,'Romulus Central School District'),(6867,'Seneca Falls Central School District'),(6868,'South Seneca Central School District'),(6869,'Waterloo Central School District'),(6870,'Brasher Falls Central School District'),(6871,'Canton Central School District'),(6872,'Clifton-Fine Central School District'),(6873,'Colton-Pierrepont Central School District'),(6874,'Edwards-Knox Central School District'),(6875,'Gouverneur Central School District'),(6876,'Hammond Central School District'),(6877,'Hermon-Dekalb Central School District'),(6878,'Heuvelton Central School District'),(6879,'Lisbon Central School District'),(6880,'Madrid-Waddington Central School District'),(6881,'Massena Central School District'),(6882,'Morristown Central School District'),(6883,'Norwood-Norfolk Central School District'),(6884,'Ogdensburg City School District'),(6885,'Parishville-Hopkinton Central School District'),(6886,'Potsdam Central School District'),(6887,'Addison Central School District'),(6888,'Arkport Central School District'),(6889,'Avoca Central School District'),(6890,'Bath Central School District'),(6891,'Bradford Central School District'),(6892,'Campbell-Savona Central School District'),(6893,'Canisteo-Greenwood Csd'),(6894,'Corning City School District'),(6895,'Hammondsport Central School District'),(6896,'Hornell City School District'),(6897,'Jasper-Troupsburg Central School District'),(6898,'Prattsburgh Central School District'),(6899,'Wayland-Cohocton Central School District'),(6900,'Amagansett Union Free School District'),(6901,'Amityville Union Free School District'),(6902,'Babylon Union Free School District'),(6903,'Bay Shore Union Free School District'),(6904,'Bayport-Blue Point Union Free School District'),(6905,'Brentwood Union Free School District'),(6906,'Bridgehampton Union Free School District'),(6907,'Brookhaven-Comsewogue Union Free School District'),(6908,'Center Moriches Union Free School District'),(6909,'Central Islip Union Free School District'),(6910,'Cold Spring Harbor Central School District'),(6911,'Commack Union Free School District'),(6912,'Connetquot Central School District'),(6913,'Copiague Union Free School District'),(6914,'Deer Park Union Free School District'),(6915,'East Hampton Union Free School District'),(6916,'East Islip Union Free School District'),(6917,'East Moriches Union Free School District'),(6918,'East Quogue Union Free School District'),(6919,'Eastport-South Manor Csd'),(6920,'Elwood Union Free School District'),(6921,'Fire Island Union Free School District'),(6922,'Fishers Island Union Free School District'),(6923,'Greenport Union Free School District'),(6924,'Half Hollow Hills Central School District'),(6925,'Hampton Bays Union Free School District'),(6926,'Harborfields Central School District'),(6927,'Hauppauge Union Free School District'),(6928,'Huntington Union Free School District'),(6929,'Islip Union Free School District'),(6930,'Kings Park Central School District'),(6931,'Lindenhurst Union Free School District'),(6932,'Little Flower Union Free School District'),(6933,'Longwood Central School District'),(6934,'Mattituck-Cutchogue Union Free School District'),(6935,'Middle Country Central School District'),(6936,'Miller Place Union Free School District'),(6937,'Montauk Union Free School District'),(6938,'Mount Sinai Union Free School District'),(6939,'New Suffolk Common School District'),(6940,'North Babylon Union Free School District'),(6941,'Northport-East Northport Union Free School District'),(6942,'Oysterponds Union Free School District'),(6943,'Patchogue-Medford Union Free School District'),(6944,'Port Jefferson Union Free School District'),(6945,'Quogue Union Free School District'),(6946,'Remsenburg-Speonk Union Free School District'),(6947,'Riverhead Central School District'),(6948,'Rocky Point Union Free School District'),(6949,'Sachem Central School District'),(6950,'Sag Harbor Union Free School District'),(6951,'Sagaponack Common School District'),(6952,'Sayville Union Free School District'),(6953,'Shelter Island Union Free School District'),(6954,'Shoreham-Wading River Central School District'),(6955,'Smithtown Central School District'),(6956,'South Country Central School District'),(6957,'South Huntington Union Free School District'),(6958,'Southampton Union Free School District'),(6959,'Southold Union Free School District'),(6960,'Springs Union Free School District'),(6961,'Three Village Central School District'),(6962,'Tuckahoe Common School District'),(6963,'Wainscott Common School District'),(6964,'West Babylon Union Free School District'),(6965,'West Islip Union Free School District'),(6966,'Westhampton Beach Union Free School District'),(6967,'William Floyd Union Free School District'),(6968,'Wyandanch Union Free School District'),(6969,'Eldred Central School District'),(6970,'Fallsburg Central School District'),(6971,'Liberty Central School District'),(6972,'Livingston Manor Central School District'),(6973,'Monticello Central School District'),(6974,'Roscoe Central School District'),(6975,'Sullivan West Central School District'),(6976,'Tri-Valley Central School District'),(6977,'Candor Central School District'),(6978,'Newark Valley Central School District'),(6979,'Owego-Apalachin Central School District'),(6980,'Spencer-Van Etten Central School District'),(6981,'Tioga Central School District'),(6982,'Waverly Central School District'),(6983,'Dryden Central School District'),(6984,'George Junior Republic Union Free School District'),(6985,'Groton Central School District'),(6986,'Ithaca City School District'),(6987,'Lansing Central School District'),(6988,'Newfield Central School District'),(6989,'Trumansburg Central School District'),(6990,'Ellenville Central School District'),(6991,'Highland Central School District'),(6992,'Kingston City School District'),(6993,'Marlboro Central School District'),(6994,'New Paltz Central School District'),(6995,'Onteora Central School District'),(6996,'Rondout Valley Central School District'),(6997,'Saugerties Central School District'),(6998,'Wallkill Central School District'),(6999,'West Park Union Free School District'),(7000,'Bolton Central School District'),(7001,'Glens Falls City School District'),(7002,'Glens Falls Common School District'),(7003,'Hadley-Luzerne Central School District'),(7004,'Johnsburg Central School District'),(7005,'Lake George Central School District'),(7006,'North Warren Central School District'),(7007,'Queensbury Union Free School District'),(7008,'Warrensburg Central School District'),(7009,'Argyle Central School District'),(7010,'Cambridge Central School District'),(7011,'Fort Ann Central School District'),(7012,'Fort Edward Union Free School District'),(7013,'Granville Central School District'),(7014,'Greenwich Central School District'),(7015,'Hartford Central School District'),(7016,'Hudson Falls Central School District'),(7017,'Putnam Central School District'),(7018,'Salem Central School District'),(7019,'Whitehall Central School District'),(7020,'Clyde-Savannah Central School District'),(7021,'Gananda Central School District'),(7022,'Lyons Central School District'),(7023,'Marion Central School District'),(7024,'Newark Central School District'),(7025,'North Rose-Wolcott Central School District'),(7026,'Palmyra-Macedon Central School District'),(7027,'Red Creek Central School District'),(7028,'Sodus Central School District'),(7029,'Wayne Central School District'),(7030,'Williamson Central School District'),(7031,'Abbott Union Free School District'),(7032,'Ardsley Union Free School District'),(7033,'Bedford Central School District'),(7034,'Blind Brook-Rye Union Free School District'),(7035,'Briarcliff Manor Union Free School District'),(7036,'Bronxville Union Free School District'),(7037,'Byram Hills Central School District'),(7038,'Chappaqua Central School District'),(7039,'Croton-Harmon Union Free School District'),(7040,'Dobbs Ferry Union Free School District'),(7041,'Eastchester Union Free School District'),(7042,'Edgemont Union Free School District'),(7043,'Elmsford Union Free School District'),(7044,'Greenburgh Central School District'),(7045,'Greenburgh Eleven Union Free School District'),(7046,'Greenburgh-Graham Union Free School District'),(7047,'Greenburgh-North Castle Union Free School District'),(7048,'Harrison Central School District'),(7049,'Hastings-On-Hudson Union Free School District'),(7050,'Hawthorne-Cedar Knolls Union Free School District'),(7051,'Hendrick Hudson Central School District'),(7052,'Irvington Union Free School District'),(7053,'Katonah-Lewisboro Union Free School District'),(7054,'Lakeland Central School District'),(7055,'Mamaroneck Union Free School District'),(7056,'Mount Pleasant Central School District'),(7057,'Mount Pleasant-Blythedale Union Free School District'),(7058,'Mount Pleasant-Cottage Union Free School District'),(7059,'Mount Vernon School District'),(7060,'New Rochelle City School District'),(7061,'North Salem Central School District'),(7062,'Ossining Union Free School District'),(7063,'Peekskill City School District'),(7064,'Pelham Union Free School District'),(7065,'Pleasantville Union Free School District'),(7066,'Pocantico Hills Central School District'),(7067,'Port Chester-Rye Union Free School District'),(7068,'Rye City School District'),(7069,'Rye Neck Union Free School District'),(7070,'Scarsdale Union Free School District'),(7071,'Somers Central School District'),(7072,'Tuckahoe Union Free School District'),(7073,'Union Free School District Of The Tarrytowns'),(7074,'Valhalla Union Free School District'),(7075,'White Plains City School District'),(7076,'Yonkers City School District'),(7077,'Yorktown Central School District'),(7078,'Attica Central School District'),(7079,'Letchworth Central School District'),(7080,'Perry Central School District'),(7081,'Warsaw Central School District'),(7082,'Wyoming Central School District'),(7083,'Dundee Central School District'),(7084,'Penn Yan Central School District');
/*!40000 ALTER TABLE `districts` ENABLE KEYS */;
UNLOCK TABLES;

--
-- Table structure for table `events`
--

DROP TABLE IF EXISTS `events`;
/*!40101 SET @saved_cs_client     = @@character_set_client */;
/*!40101 SET character_set_client = utf8 */;
CREATE TABLE `events` (
  `eventid` int(11) NOT NULL AUTO_INCREMENT,
  `eventcount` int(11) NOT NULL,
  `startingschoolyear` int(11) NOT NULL,
  `schoolid` int(11) NOT NULL,
  PRIMARY KEY (`eventid`),
  KEY `schoolid` (`schoolid`),
  CONSTRAINT `events_ibfk_1` FOREIGN KEY (`schoolid`) REFERENCES `schools` (`schoolid`)
) ENGINE=InnoDB DEFAULT CHARSET=latin1;
/*!40101 SET character_set_client = @saved_cs_client */;

--
-- Dumping data for table `events`
--

LOCK TABLES `events` WRITE;
/*!40000 ALTER TABLE `events` DISABLE KEYS */;
/*!40000 ALTER TABLE `events` ENABLE KEYS */;
UNLOCK TABLES;

--
-- Table structure for table `eventtypes`
--

DROP TABLE IF EXISTS `eventtypes`;
/*!40101 SET @saved_cs_client     = @@character_set_client */;
/*!40101 SET character_set_client = utf8 */;
CREATE TABLE `eventtypes` (
  `eventtypeid` int(11) NOT NULL AUTO_INCREMENT,
  `eventtypename` text NOT NULL,
  `withweapon` tinyint(1) NOT NULL,
  `weaponrelated` tinyint(1) NOT NULL,
  PRIMARY KEY (`eventtypeid`)
) ENGINE=InnoDB DEFAULT CHARSET=latin1;
/*!40101 SET character_set_client = @saved_cs_client */;

--
-- Dumping data for table `eventtypes`
--

LOCK TABLES `eventtypes` WRITE;
/*!40000 ALTER TABLE `eventtypes` DISABLE KEYS */;
/*!40000 ALTER TABLE `eventtypes` ENABLE KEYS */;
UNLOCK TABLES;

--
-- Table structure for table `gradeorganizations`
--

DROP TABLE IF EXISTS `gradeorganizations`;
/*!40101 SET @saved_cs_client     = @@character_set_client */;
/*!40101 SET character_set_client = utf8 */;
CREATE TABLE `gradeorganizations` (
  `gradeorganizationid` int(11) NOT NULL AUTO_INCREMENT,
  `gradeorganizationname` text NOT NULL,
  PRIMARY KEY (`gradeorganizationid`)
) ENGINE=InnoDB AUTO_INCREMENT=89 DEFAULT CHARSET=latin1;
/*!40101 SET character_set_client = @saved_cs_client */;

--
-- Dumping data for table `gradeorganizations`
--

LOCK TABLES `gradeorganizations` WRITE;
/*!40000 ALTER TABLE `gradeorganizations` DISABLE KEYS */;
INSERT INTO `gradeorganizations` VALUES (82,'Elementary'),(83,'Senior High'),(84,'Middle School'),(85,'Junior Senior School'),(86,'K-12 School'),(87,'Junior High School'),(88,'Pre-K Only');
/*!40000 ALTER TABLE `gradeorganizations` ENABLE KEYS */;
UNLOCK TABLES;

--
-- Table structure for table `needresourcecategories`
--

DROP TABLE IF EXISTS `needresourcecategories`;
/*!40101 SET @saved_cs_client     = @@character_set_client */;
/*!40101 SET character_set_client = utf8 */;
CREATE TABLE `needresourcecategories` (
  `needresourcecategoryid` int(11) NOT NULL AUTO_INCREMENT,
  `needresourcecategoryname` text NOT NULL,
  PRIMARY KEY (`needresourcecategoryid`)
) ENGINE=InnoDB AUTO_INCREMENT=72 DEFAULT CHARSET=latin1;
/*!40101 SET character_set_client = @saved_cs_client */;

--
-- Dumping data for table `needresourcecategories`
--

LOCK TABLES `needresourcecategories` WRITE;
/*!40000 ALTER TABLE `needresourcecategories` DISABLE KEYS */;
INSERT INTO `needresourcecategories` VALUES (65,'Charter School'),(66,'Urban/Suburban High Needs'),(67,'Average Needs'),(68,'Low Needs'),(69,'Rural High Needs'),(70,'Large City'),(71,'');
/*!40000 ALTER TABLE `needresourcecategories` ENABLE KEYS */;
UNLOCK TABLES;

--
-- Table structure for table `schools`
--

DROP TABLE IF EXISTS `schools`;
/*!40101 SET @saved_cs_client     = @@character_set_client */;
/*!40101 SET character_set_client = utf8 */;
CREATE TABLE `schools` (
  `schoolid` int(11) NOT NULL AUTO_INCREMENT,
  `schoolname` text NOT NULL,
  `bedscode` text NOT NULL,
  `enrollment` int(11) NOT NULL,
  `countyid` int(11) NOT NULL,
  `districtid` int(11) NOT NULL,
  `gradeorganizationid` int(11) NOT NULL,
  `needresourcecategoryid` int(11) NOT NULL,
  `schooltypeid` int(11) NOT NULL,
  PRIMARY KEY (`schoolid`),
  KEY `countyid` (`countyid`),
  KEY `districtid` (`districtid`),
  KEY `gradeorganizationid` (`gradeorganizationid`),
  KEY `needresourcecategoryid` (`needresourcecategoryid`),
  KEY `schooltypeid` (`schooltypeid`),
  CONSTRAINT `schools_ibfk_1` FOREIGN KEY (`countyid`) REFERENCES `counties` (`countyid`),
  CONSTRAINT `schools_ibfk_2` FOREIGN KEY (`districtid`) REFERENCES `districts` (`districtid`),
  CONSTRAINT `schools_ibfk_3` FOREIGN KEY (`gradeorganizationid`) REFERENCES `gradeorganizations` (`gradeorganizationid`),
  CONSTRAINT `schools_ibfk_4` FOREIGN KEY (`needresourcecategoryid`) REFERENCES `needresourcecategories` (`needresourcecategoryid`),
  CONSTRAINT `schools_ibfk_5` FOREIGN KEY (`schooltypeid`) REFERENCES `schooltypes` (`schooltypeid`)
) ENGINE=InnoDB AUTO_INCREMENT=16226 DEFAULT CHARSET=latin1;
/*!40101 SET character_set_client = @saved_cs_client */;

--
-- Dumping data for table `schools`
--

LOCK TABLES `schools` WRITE;
/*!40000 ALTER TABLE `schools` DISABLE KEYS */;
INSERT INTO `schools` VALUES (13186,'Albany Community Charter School','010100860899',296,319,6389,82,65,31),(13187,'Albany Leadership Charter High School For Girls','010100860960',150,319,6389,83,65,31),(13188,'Albany Preparatory Charter School','010100860884',214,319,6389,84,65,31),(13189,'Brighter Choice Charter Middle School For Boys','010100860976',50,319,6389,82,65,31),(13190,'Brighter Choice Charter Middle School For Girls','010100860977',42,319,6389,82,65,31),(13191,'Brighter Choice Charter School For Boys','010100860829',255,319,6389,82,65,31),(13192,'Brighter Choice Charter School For Girls','010100860830',247,319,6389,82,65,31),(13193,'Green Tech High Charter School','010100860907',263,319,6389,83,65,31),(13194,'Henry Johnson Charter School','010100860892',366,319,6389,82,65,31),(13195,'Kipp Tech Valley Charter School','010100860867',286,319,6389,84,65,31),(13196,'Albany High School','010100010034',2507,319,6390,85,66,32),(13197,'Albany School Of Humanities','010100010023',562,319,6390,82,66,32),(13198,'Arbor Hill Elementary School','010100010039',414,319,6390,82,66,32),(13199,'Delaware Community School','010100010018',418,319,6390,82,66,32),(13200,'Eagle Point Elementary School','010100010027',297,319,6390,82,66,32),(13201,'Giffen Memorial Elementary School','010100010029',453,319,6390,82,66,32),(13202,'Montessori Magnet School','010100010014',326,319,6390,82,66,32),(13203,'New Scotland Elementary School','010100010019',484,319,6390,82,66,32),(13204,'North Albany Academy','010100010020',407,319,6390,82,66,32),(13205,'Philip J Schuyler Achievement Academy','010100010043',359,319,6390,82,66,32),(13206,'Pine Hills Elementary School','010100010016',390,319,6390,82,66,32),(13207,'Sheridan Preparatory Academy','010100010044',423,319,6390,82,66,32),(13208,'Stephen And Harriet Myers Middle School','010100010045',661,319,6390,84,66,32),(13209,'Thomas S O\'Brien Academy Of Science & Technology','010100010028',451,319,6390,82,66,32),(13210,'William S Hackett Middle School','010100010030',576,319,6390,84,66,32),(13211,'Berne-Knox-Westerlo Elementary School','010201040002',419,319,6391,82,67,32),(13212,'Berne-Knox-Westerlo Junior-Senior High School','010201040001',535,319,6391,85,67,32),(13213,'Bethlehem Central Middle School','010306060007',1193,319,6392,84,68,32),(13214,'Bethlehem Central Senior High School','010306060008',1695,319,6392,83,68,32),(13215,'Clarksville Elementary School','010306060001',203,319,6392,82,68,32),(13216,'Eagle Elementary School','010306060009',399,319,6392,82,68,32),(13217,'Elsmere Elementary School','010306060003',282,319,6392,82,68,32),(13218,'Glenmont Elementary School','010306060004',370,319,6392,82,68,32),(13219,'Hamagrael Elementary School','010306060005',398,319,6392,82,68,32),(13220,'Slingerlands Elementary School','010306060006',451,319,6392,82,68,32),(13221,'Abram Lansing School','010500010005',407,319,6393,82,66,32),(13222,'Cohoes High School','010500010007',636,319,6393,83,66,32),(13223,'Cohoes Middle School','010500010008',423,319,6393,84,66,32),(13224,'Harmony Hill School','010500010009',391,319,6393,82,66,32),(13225,'Van Schaick Island School','010500010006',147,319,6393,82,66,32),(13226,'Heatly School','010701030001',304,319,6394,86,66,32),(13227,'Altamont Elementary School','010802060001',303,319,6395,82,68,32),(13228,'Farnsworth Middle School','010802060008',1236,319,6395,84,68,32),(13229,'Guilderland Elementary School','010802060003',559,319,6395,82,68,32),(13230,'Guilderland High School','010802060005',1815,319,6395,83,68,32),(13231,'Lynnwood Elementary School','010802060007',434,319,6395,82,68,32),(13232,'Pine Bush Elementary School','010802060009',448,319,6395,82,68,32),(13233,'Westmere Elementary School','010802060004',440,319,6395,82,68,32),(13234,'Menands School','010615020001',243,319,6396,82,67,32),(13235,'Blue Creek School','010623060002',460,319,6397,82,68,32),(13236,'Boght Hills School','010623060003',436,319,6397,82,68,32),(13237,'Forts Ferry School','010623060004',464,319,6397,82,68,32),(13238,'Latham Ridge School','010623060006',371,319,6397,82,68,32),(13239,'Loudonville School','010623060007',304,319,6397,82,68,32),(13240,'Maplewood School','010623060001',109,319,6397,82,67,32),(13241,'Shaker High School','010623060010',2066,319,6397,83,68,32),(13242,'Shaker Junior High School','010623060009',893,319,6397,87,68,32),(13243,'Southgate School','010623060008',422,319,6397,82,68,32),(13244,'Albertus W Becker School','010402060002',473,319,6398,82,67,32),(13245,'Pieter B Coeymans School','010402060003',466,319,6398,82,67,32),(13246,'Ravena-Coeymans-Selkirk Middle School','010402060008',463,319,6398,84,67,32),(13247,'Ravena-Coeymans-Selkirk Senior High School','010402060001',639,319,6398,83,67,32),(13248,'Colonie Central High School','010601060008',1881,319,6399,83,67,32),(13249,'Forest Park Elementary School','010601060010',354,319,6399,82,67,32),(13250,'Lisha Kill Middle School','010601060013',700,319,6399,84,67,32),(13251,'Roessleville School','010601060003',432,319,6399,82,67,32),(13252,'Saddlewood Elementary School','010601060005',396,319,6399,82,67,32),(13253,'Sand Creek Middle School','010601060012',869,319,6399,84,67,32),(13254,'Shaker Road Elementary School','010601060006',285,319,6399,82,67,32),(13255,'Veeder Elementary School','010601060011',460,319,6399,82,67,32),(13256,'Clayton A Bouton High School','011003060002',386,319,6400,83,68,32),(13257,'Voorheesville Elementary School','011003060001',530,319,6400,82,68,32),(13258,'Voorheesville Middle School','011003060003',292,319,6400,84,68,32),(13259,'Watervliet Elementary School','011200010002',751,319,6401,82,66,32),(13260,'Watervliet Junior-Senior High School','011200010010',674,319,6401,85,66,32),(13261,'Alfred-Almond Elementary School','020101040001',338,320,6402,82,67,32),(13262,'Alfred-Almond Junior-Senior High School','020101040002',302,320,6402,85,67,32),(13263,'Andover School','020601040001',379,320,6403,86,69,32),(13264,'Belfast School','020801040001',375,320,6404,86,69,32),(13265,'Bolivar-Richburg Elementary School','022902040002',370,320,6405,82,69,32),(13266,'Bolivar-Richburg Junior-Senior High School','022902040001',455,320,6405,85,69,32),(13267,'Bolivar-Richburg Pre-K Program','022902040003',54,320,6405,88,69,32),(13268,'Canaseraga School','021102040001',286,320,6406,86,69,32),(13269,'Cuba-Rushford Elementary School','022302040002',347,320,6407,82,69,32),(13270,'Cuba-Rushford High School','022302040001',304,320,6407,83,69,32),(13271,'Cuba-Rushford Middle School','022302040004',210,320,6407,84,69,32),(13272,'Rushford Elementary School','022302040003',80,320,6407,82,69,32),(13273,'Fillmore Central School','022001040001',709,320,6408,86,69,32),(13274,'Friendship Central School','021601040004',395,320,6409,86,69,32),(13275,'Genesee Valley Central School','020702040001',660,320,6410,86,69,32),(13276,'Scio Central School','022401040003',419,320,6411,86,69,32),(13277,'Wellsville Elementary School','022601060005',637,320,6412,82,69,32),(13278,'Wellsville Middle School','022601060002',291,320,6412,84,69,32),(13279,'Wellsville Senior High School','022601060004',438,320,6412,83,69,32),(13280,'Whitesville Central School','022101040001',300,320,6413,86,69,32),(13281,'Benjamin Franklin Elementary School','030200010005',490,321,6414,82,66,32),(13282,'Binghamton High School','030200010021',1603,321,6414,83,66,32),(13283,'Calvin Coolidge School','030200010002',369,321,6414,82,66,32),(13284,'East Middle School','030200010015',559,321,6414,84,66,32),(13285,'Horace Mann School','030200010022',372,321,6414,82,66,32),(13286,'Macarthur School','030200010011',539,321,6414,82,66,32),(13287,'Theodore Roosevelt School','030200010012',403,321,6414,82,66,32),(13288,'Thomas Jefferson School','030200010008',345,321,6414,82,66,32),(13289,'West Middle School','030200010016',692,321,6414,84,66,32),(13290,'Woodrow Wilson School','030200010014',447,321,6414,82,66,32),(13291,'Chenango Forks Elementary School','030101060001',383,321,6415,82,67,32),(13292,'Chenango Forks High School','030101060003',513,321,6415,83,67,32),(13293,'Chenango Forks Middle School','030101060004',366,321,6415,84,67,32),(13294,'John R Harshaw Primary School','030101060002',393,321,6415,82,67,32),(13295,'Chenango Bridge Elementary School','030701060003',452,321,6416,82,66,32),(13296,'Chenango Valley High School','030701060001',538,321,6416,83,69,32),(13297,'Chenango Valley Middle School','030701060005',253,321,6416,87,69,32),(13298,'Port Dickinson Elementary School','030701060004',572,321,6416,82,69,32),(13299,'Deposit Elementary School','031301040002',284,321,6417,82,69,32),(13300,'Deposit Middle-Senior High School','031301040003',302,321,6417,85,69,32),(13301,'Harpursville Junior-Senior High School','030501040003',388,321,6418,85,69,32),(13302,'W A Olmsted Elementary School','030501040001',510,321,6418,82,69,32),(13303,'Johnson City Elementary/Intermediate School','031502060001',593,321,6419,82,66,32),(13304,'Johnson City Elementary/Primary School','031502060003',589,321,6419,82,66,32),(13305,'Johnson City Middle School','031502060005',594,321,6419,84,66,32),(13306,'Johnson City Senior High School','031502060006',782,321,6419,83,66,32),(13307,'Homer Brink School','031101060003',675,321,6420,82,67,32),(13308,'Maine Memorial School','031101060004',514,321,6420,82,67,32),(13309,'Maine-Endwell Middle School','031101060005',566,321,6420,84,67,32),(13310,'Maine-Endwell Senior High School','031101060006',813,321,6420,83,67,32),(13311,'Brookside Elementary School','030601060001',381,321,6421,82,67,32),(13312,'F P Donnelly School','030601060004',309,321,6421,82,67,32),(13313,'Richard T Stank Middle School','030601060005',431,321,6421,84,67,32),(13314,'Susquehanna Valley Senior High School','030601060006',561,321,6421,83,67,32),(13315,'Ann G Mcguinness Elementar School','031501060014',372,321,6422,82,67,32),(13316,'Charles F Johnson Jr Elementary School','031501060001',380,321,6422,82,67,32),(13317,'George F Johnson Elementary School','031501060002',672,321,6422,82,67,32),(13318,'Jennie F Snapp Middle School','031501060009',618,321,6422,87,67,32),(13319,'Linnaeus W West Primary School','031501060011',370,321,6422,82,67,32),(13320,'Thomas J Watson Sr Elementary School','031501060013',297,321,6422,82,67,32),(13321,'Union Endicott High School','031501060012',1298,321,6422,83,67,32),(13322,'African Road Elementary School','031601060021',283,321,6423,82,67,32),(13323,'Clayton Avenue Elementary School','031601060022',328,321,6423,82,67,32),(13324,'Glenwood Elementary School','031601060023',302,321,6423,82,67,32),(13325,'Tioga Hills Elementary School','031601060026',346,321,6423,82,67,32),(13326,'Vestal Hills Elementary School','031601060028',316,321,6423,82,67,32),(13327,'Vestal Middle School','031601060041',897,321,6423,84,67,32),(13328,'Vestal Senior High School','031601060051',1212,321,6423,83,67,32),(13329,'Caryl E Adams Primary School','031401060005',448,321,6424,82,69,32),(13330,'Tioughnioga Riverside Academy','031401060002',583,321,6424,82,69,32),(13331,'Whitney Point Senior High School','031401060004',438,321,6424,83,69,32),(13332,'A F Palmer Elementary School / Windsor Central Middle School','031701060004',696,321,6425,82,67,32),(13333,'C R Weeks Elementary School','031701060003',278,321,6425,82,67,32),(13334,'Floyd Bell Elementary School','031701060002',313,321,6425,82,67,32),(13335,'Windsor Central High School','031701060007',612,321,6425,83,67,32),(13336,'Allegany-Limestone Elementary School','040302060002',608,322,6426,82,67,32),(13337,'Allegany-Limestone High School','040302060001',405,322,6426,83,67,32),(13338,'Allegany-Limestone Middle School','040302060004',281,322,6426,84,67,32),(13339,'Cattaraugus-Little Valley High School','042302040003',344,322,6427,83,67,32),(13340,'Cattaraugus-Little Valley Intermediate School','042302040001',213,322,6427,82,67,32),(13341,'Cattaraugus-Little Valley Middle School','042302040004',245,322,6427,84,67,32),(13342,'Cattaraugus-Little Valley Primary School','042302040002',246,322,6427,82,67,32),(13343,'Ellicottville Elementary School','040901040001',310,322,6428,82,67,32),(13344,'Ellicottville Middle School High School','040901040002',284,322,6428,85,67,32),(13345,'Franklinville Elementary School','041101040003',396,322,6429,82,69,32),(13346,'Franklinville Junior-Senior High School','041101040002',360,322,6429,85,69,32),(13347,'Gowanda Elementary School','042801060001',520,322,6430,82,69,32),(13348,'Gowanda High School','042801060006',436,322,6430,83,69,32),(13349,'Gowanda Middle School','042801060005',427,322,6430,84,69,32),(13350,'Hinsdale Central School','041401040001',440,322,6431,86,69,32),(13351,'Boardmanville Elementary School','042400010005',247,322,6432,82,66,32),(13352,'East View Elementary School','042400010004',338,322,6432,82,66,32),(13353,'Ivers J Norton Elementary School','042400010010',261,322,6432,82,66,32),(13354,'Olean Intermediate-Middle School','042400010016',534,322,6432,84,66,32),(13355,'Olean Senior High School','042400010013',625,322,6432,83,66,32),(13356,'Washington West Elementary School','042400010002',387,322,6432,82,66,32),(13357,'Portville Elementary School','042901040001',532,322,6433,82,67,32),(13358,'Portville Junior-Senior High School','042901040002',418,322,6433,85,67,32),(13359,'Randolph Academy','043011020001',82,322,6434,85,67,32),(13360,'G N Chapman Elementary School','043001040003',545,322,6435,82,69,32),(13361,'Randolph Senior High School','043001040002',457,322,6435,85,69,32),(13362,'Prospect Elementary School','043200050004',395,322,6436,82,69,32),(13363,'Salamanca Alternative School','043200050007',52,322,6436,83,69,32),(13364,'Salamanca Junior/Senior High School','043200050002',341,322,6436,83,69,32),(13365,'Salamanca Middle School','043200050006',304,322,6436,84,69,32),(13366,'Seneca Elementary School','043200050005',297,322,6436,82,69,32),(13367,'West Valley Central School','040204040001',350,322,6437,86,67,32),(13368,'Arcade Elementary School','043501060005',581,322,6438,82,69,32),(13369,'Delevan Elementary School','043501060001',445,322,6438,82,69,32),(13370,'Pioneer Middle School','043501060004',743,322,6438,84,69,32),(13371,'Pioneer Senior High School','043501060006',775,322,6438,83,69,32),(13372,'Auburn High School','050100010013',1360,323,6439,83,66,32),(13373,'Auburn Junior High School','050100010009',455,323,6439,84,66,32),(13374,'Casey Park Elementary School','050100010002',458,323,6439,82,66,32),(13375,'Genesee Street Elementary School','050100010004',305,323,6439,82,66,32),(13376,'Herman Avenue Elementary School','050100010005',402,323,6439,82,66,32),(13377,'Owasco Elementary School','050100010007',342,323,6439,82,66,32),(13378,'West Middle School','050100010012',505,323,6439,84,66,32),(13379,'William H Seward Elementary School','050100010008',471,323,6439,82,66,32),(13380,'Cato-Meridian Elementary School','050401040001',380,323,6440,82,67,32),(13381,'Cato-Meridian Middle School','050401040002',325,323,6440,84,67,32),(13382,'Cato-Meridian Senior High School','050401040003',338,323,6440,83,67,32),(13383,'Millard Fillmore Elementary School','051301040001',469,323,6441,82,67,32),(13384,'Moravia Junior-Senior High School','051301040003',518,323,6441,85,67,32),(13385,'A A Gates Elementary School','051101040001',576,323,6442,82,67,32),(13386,'Port Byron Senior High School','051101040004',476,323,6442,85,67,32),(13387,'Emily Howland Elementary School','050701040007',225,323,6443,84,67,32),(13388,'Southern Cayuga  7-12 Secondary School','050701040005',240,323,6443,83,67,32),(13389,'Southern Cayuga Elementary School-Howland Building','050701040006',313,323,6443,82,67,32),(13390,'Andrew J Smith Elementary School','051901040002',206,323,6444,82,67,32),(13391,'Cayuga Elementary School','051901040003',246,323,6444,82,67,32),(13392,'Union Springs Middle School High School','051901040005',428,323,6444,85,67,32),(13393,'Weedsport Elementary School','050301040003',453,323,6445,82,67,32),(13394,'Weedsport Junior-Senior High School','050301040002',403,323,6445,85,67,32),(13395,'Bemus Point Elementary School','061001040001',390,324,6446,82,67,32),(13396,'Maple Grove High School','061001040005',384,324,6446,85,67,32),(13397,'Brocton Elementary School','062301040002',286,324,6447,82,69,32),(13398,'Brocton Middle High School','062301040003',325,324,6447,85,69,32),(13399,'Cassadaga Elementary School','060401040002',128,324,6448,82,69,32),(13400,'Cassadaga Valley High School','060401040006',652,324,6448,85,69,32),(13401,'Sinclairville Elementary School','060401040003',380,324,6448,82,69,32),(13402,'Chautauqua Lake Elementary School','060503040002',445,324,6449,82,67,32),(13403,'Chautauqua Lake Secondary School','060503040001',382,324,6449,85,67,32),(13404,'Clymer Central School','060701040003',469,324,6450,86,67,32),(13405,'Dunkirk Middle School','060800010010',446,324,6451,84,66,32),(13406,'Dunkirk Senior High School','060800010009',608,324,6451,83,66,32),(13407,'School 3','060800010003',245,324,6451,82,66,32),(13408,'School 4','060800010004',235,324,6451,82,66,32),(13409,'School 5','060800010005',181,324,6451,82,66,32),(13410,'School 7','060800010007',278,324,6451,82,66,32),(13411,'Falconer Middle/High School','061101040007',720,324,6452,85,67,32),(13412,'Harvey C Fenner Elementary School','061101040001',265,324,6452,82,67,32),(13413,'Paul B D Temple Elementary School','061101040009',291,324,6452,82,67,32),(13414,'Forestville Central High School','061503040003',324,324,6453,85,67,32),(13415,'Forestville Elementary School','061503040002',260,324,6453,82,67,32),(13416,'Fredonia Elementary School','062201060001',617,324,6454,82,67,32),(13417,'Fredonia High School','062201060003',502,324,6454,83,67,32),(13418,'Fredonia Middle School','062201060002',471,324,6454,84,67,32),(13419,'Frewsburg Junior-Senior High School','060301040004',434,324,6455,85,67,32),(13420,'Robert H Jackson Elementary School','060301040002',467,324,6455,82,67,32),(13421,'Abraham Lincoln Elementary School','061700010011',367,324,6456,82,66,32),(13422,'Carlyle C Ring Elementary School','061700010001',468,324,6456,82,66,32),(13423,'Clinton V Bush Elementary School','061700010003',296,324,6456,82,66,32),(13424,'George Washington Middle School','061700010012',526,324,6456,84,66,32),(13425,'Jamestown High School','061700010013',1459,324,6456,83,66,32),(13426,'Milton J Fletcher Elementary School','061700010007',475,324,6456,82,66,32),(13427,'Persell Middle School','061700010006',524,324,6456,84,66,32),(13428,'Rovillus R Rogers Elementary School','061700010008',258,324,6456,82,66,32),(13429,'Samuel G Love Elementary School','061700010009',313,324,6456,82,66,32),(13430,'Thomas Jefferson Middle School','061700010010',475,324,6456,84,66,32),(13431,'Panama High School','061601040001',296,324,6457,85,67,32),(13432,'Panama K-6 School','061601040003',297,324,6457,82,67,32),(13433,'Pine Valley Central Junior-Senior High School','060601040003',328,324,6458,85,69,32),(13434,'Pine Valley Elementary School','060601040002',367,324,6458,82,69,32),(13435,'Ripley Central School','062401040001',330,324,6459,86,69,32),(13436,'Sherman Elementary School','062601040002',264,324,6460,82,69,32),(13437,'Sherman High School','062601040003',224,324,6460,85,69,32),(13438,'Silver Creek Elementary School','061501040003',539,324,6461,82,69,32),(13439,'Silver Creek High School','061501040001',325,324,6461,83,69,32),(13440,'Silver Creek Middle School','061501040002',235,324,6461,84,69,32),(13441,'Southwestern Elementary School','060201060007',649,324,6462,82,67,32),(13442,'Southwestern Middle School','060201060006',348,324,6462,84,67,32),(13443,'Southwestern Senior High School','060201060003',457,324,6462,83,67,32),(13444,'Westfield Elementary School','062901040001',320,324,6463,82,69,32),(13445,'Westfield High School','062901040002',281,324,6463,83,69,32),(13446,'Westfield Middle School','062901040004',169,324,6463,84,69,32),(13447,'Broadway Elementary School','070600010022',472,325,6464,82,66,32),(13448,'Broadway Middle School','070600010019',828,325,6464,84,66,32),(13449,'Diven School','070600010006',434,325,6464,82,66,32),(13450,'Elmira Alternative High School At Washington School','070600010023',62,325,6464,83,66,32),(13451,'Elmira Free Academy','070600010021',853,325,6464,83,66,32),(13452,'Ernie Davis Middle School','070600010018',688,325,6464,84,66,32),(13453,'Fassett Elementary School','070600010007',390,325,6464,82,66,32),(13454,'Hendy Avenue School','070600010010',527,325,6464,82,66,32),(13455,'Parley Coburn School','070600010013',494,325,6464,82,66,32),(13456,'Pine City School','070600010014',368,325,6464,82,66,32),(13457,'Riverside School','070600010015',457,325,6464,82,66,32),(13458,'Southside High School','070600010020',1118,325,6464,83,66,32),(13459,'Thomas K Beecher School','070600010016',395,325,6464,82,66,32),(13460,'Cohen Elementary School','070902060006',484,325,6465,82,67,32),(13461,'Cohen Middle School','070902060004',255,325,6465,84,67,32),(13462,'Thomas A Edison High School','070902060002',332,325,6465,83,67,32),(13463,'Big Flats School','070901060005',422,325,6466,82,67,32),(13464,'Center Street School','070901060003',341,325,6466,82,67,32),(13465,'Gardner Road Elementary School','070901060009',453,325,6466,82,67,32),(13466,'Horseheads Intermediate School','070901060011',628,325,6466,82,67,32),(13467,'Horseheads Middle School','070901060010',643,325,6466,87,67,32),(13468,'Horseheads Senior High School','070901060007',1344,325,6466,83,67,32),(13469,'Ridge Road School','070901060004',416,325,6466,82,67,32),(13470,'Afton Elementary School','080101040002',277,326,6467,82,69,32),(13471,'Afton Junior/Senior High School','080101040003',339,326,6467,85,69,32),(13472,'Bainbridge-Guilford High School','080201040001',477,326,6468,85,67,32),(13473,'Greenlawn Elementary School','080201040002',251,326,6468,82,67,32),(13474,'Guilford Elementary School','080201040003',130,326,6468,82,67,32),(13475,'Otselic Valley Elementary School','081401040002',185,326,6469,82,69,32),(13476,'Otselic Valley Junior-Senior High School','081401040001',204,326,6469,85,69,32),(13477,'Greene High School','080601040003',369,326,6470,83,69,32),(13478,'Greene Intermediate School','080601040002',233,326,6470,82,69,32),(13479,'Greene Middle School','080601040004',279,326,6470,84,69,32),(13480,'Greene Primary School','080601040001',275,326,6470,82,69,32),(13481,'Norwich High School','081200050004',687,326,6471,83,69,32),(13482,'Norwich Middle School','081200050003',475,326,6471,84,69,32),(13483,'Perry Browne Intermediate School','081200050001',465,326,6471,82,69,32),(13484,'Stanford J Gibson Primary School','081200050002',515,326,6471,82,69,32),(13485,'Oxford Academy High School','081501040002',251,326,6472,83,69,32),(13486,'Oxford Academy Middle School','081501040001',267,326,6472,84,69,32),(13487,'Oxford Academy Primary School','081501040003',325,326,6472,82,69,32),(13488,'Sherburne-Earlville Elementary School','082001040002',657,326,6473,82,69,32),(13489,'Sherburne-Earlville Middle School','082001040003',342,326,6473,84,69,32),(13490,'Sherburne-Earlville Senior High School','082001040004',468,326,6473,83,69,32),(13491,'Unadilla Valley Central School','081003040003',202,326,6474,84,69,32),(13492,'Unadilla Valley Elementary School','081003040001',422,326,6474,82,69,32),(13493,'Unadilla Valley Middle/High School','081003040004',272,326,6474,83,69,32),(13494,'Ausable Forks Elementary School','090201040004',203,327,6475,82,67,32),(13495,'Ausable Valley High School','090201040002',428,327,6475,83,67,32),(13496,'Ausable Valley Middle School','090201040005',191,327,6475,87,67,32),(13497,'Keesville Primary School','090201040001',380,327,6475,82,67,32),(13498,'Beekmantown Elementary School','090301060001',404,327,6476,82,67,32),(13499,'Beekmantown High School','090301060006',650,327,6476,83,67,32),(13500,'Beekmantown Middle School','090301060005',445,327,6476,84,67,32),(13501,'Cumberland Head Elementary School','090301060003',489,327,6476,82,67,32),(13502,'Chazy Central Rural Elementary School','090601020001',245,327,6477,82,67,32),(13503,'Chazy Central Rural Junior-Senior High School','090601020002',251,327,6477,85,67,32),(13504,'Mooers Elementary School','090501040006',348,327,6478,82,67,32),(13505,'Northeastern Clinton Middle School','090501040007',301,327,6478,84,67,32),(13506,'Northeastern Clinton Senior High School','090501040002',462,327,6478,83,67,32),(13507,'Rouses Point Elementary School','090501040003',236,327,6478,82,67,32),(13508,'Northern Adirondack Elementary School','090901040001',419,327,6479,82,69,32),(13509,'Northern Adirondack Middle/High School','090901040002',507,327,6479,85,69,32),(13510,'Peru Intermediate School','091101060004',475,327,6480,82,67,32),(13511,'Peru Middle School','091101060006',477,327,6480,84,67,32),(13512,'Peru Senior High School','091101060005',653,327,6480,83,67,32),(13513,'Primary Building School','091101060001',444,327,6480,82,67,32),(13514,'Arthur P Momot Elementary School','091200010003',474,327,6481,82,66,32),(13515,'Bailey Avenue School','091200010001',250,327,6481,82,66,32),(13516,'Oak Street School','091200010004',178,327,6481,82,66,32),(13517,'Plattsburgh Senior High School','091200010006',583,327,6481,83,66,32),(13518,'Stafford Middle School','091200010005',401,327,6481,84,66,32),(13519,'Morrisonville Elementary School','091402060002',311,327,6482,82,67,32),(13520,'Saranac Elementary School','091402060004',327,327,6482,82,67,32),(13521,'Saranac High School','091402060005',591,327,6482,83,67,32),(13522,'Saranac Middle School','091402060007',339,327,6482,84,67,32),(13523,'Berkshire Junior-Senior High School','100308020001',87,328,6483,85,67,32),(13524,'Chatham High School','101001040002',451,328,6484,83,67,32),(13525,'Chatham Middle School','101001040006',406,328,6484,84,67,32),(13526,'Mary E Dardess Elementary School','101001040001',405,328,6484,82,67,32),(13527,'Germantown Central School','100902040001',589,328,6485,86,67,32),(13528,'Hudson Junior/Senior High School','101300010001',882,328,6486,85,69,32),(13529,'John L Edwards Primary School','101300010002',450,328,6486,82,69,32),(13530,'Montgomery C Smith Intermediate School','101300010003',582,328,6486,82,69,32),(13531,'Ichabod Crane Middle School','101401040006',454,328,6487,84,67,32),(13532,'Ichabod Crane Primary School','101401040004',395,328,6487,82,67,32),(13533,'Ichabod Crane Senior High School','101401040005',698,328,6487,83,67,32),(13534,'Martin H Glynn Elementary School','101401040003',208,328,6487,82,67,32),(13535,'Martin Van Buren Elementary School','101401040001',206,328,6487,82,67,32),(13536,'New Lebanon Junior-Senior High School','101601040003',230,328,6488,85,67,32),(13537,'Walter B Howard Elementary School','101601040002',240,328,6488,82,67,32),(13538,'Taconic Hills Elementary School','100501040006',728,328,6489,82,67,32),(13539,'Taconic Hills High School','100501040003',496,328,6489,83,67,32),(13540,'Taconic Hills Middle School','100501040005',340,328,6489,84,67,32),(13541,'Cincinnatus Elementary School','110101040001',279,329,6490,82,69,32),(13542,'Cincinnatus High School','110101040002',181,329,6490,83,69,32),(13543,'Cincinnatus Middle School','110101040003',181,329,6490,84,69,32),(13544,'Alton B Parker School','110200010008',312,329,6491,82,66,32),(13545,'Cortland Junior-Senior High School','110200010011',1244,329,6491,85,66,32),(13546,'F E Smith School','110200010010',277,329,6491,82,66,32),(13547,'Franklyn S Barry School','110200010003',407,329,6491,82,66,32),(13548,'Randall School','110200010009',321,329,6491,82,66,32),(13549,'Virgil Elementary School','110200010004',154,329,6491,82,66,32),(13550,'Hartnett Elementary School','110701060005',121,329,6492,82,67,32),(13551,'Homer Elementary School','110701060002',398,329,6492,82,67,32),(13552,'Homer Intermediate School','110701060003',553,329,6492,82,67,32),(13553,'Homer Junior High School','110701060006',379,329,6492,87,67,32),(13554,'Homer Senior High School','110701060001',703,329,6492,83,67,32),(13555,'Marathon High School','110901040001',381,329,6493,85,69,32),(13556,'William Appleby Elementary School','110901040002',394,329,6493,82,69,32),(13557,'Mcgraw Elementary School','110304040001',288,329,6494,82,69,32),(13558,'Mcgraw Secondary School','110304040002',277,329,6494,85,69,32),(13559,'Andes Central School','120102040001',111,330,6495,86,67,32),(13560,'Charlotte Valley School','120401040001',409,330,6496,86,69,32),(13561,'Delaware Academy Elementary School','120501040001',333,330,6497,82,67,32),(13562,'Delaware Academy Middle School','120501040004',158,330,6497,84,67,32),(13563,'Delaware Academy High School','120501040002',266,330,6498,83,67,32),(13564,'Downsville Central School','120301040001',294,330,6499,86,69,32),(13565,'Franklin Central School','120701040001',276,330,6500,86,69,32),(13566,'Hancock Elementary School','120906040001',145,330,6501,82,69,32),(13567,'Hancock Junior-Senior High School','120906040002',258,330,6501,85,69,32),(13568,'Margaretville Central School','121401040001',425,330,6502,86,69,32),(13569,'Roxbury Central School','121502040001',351,330,6503,86,67,32),(13570,'Sidney Elementary School','121601060002',398,330,6504,82,69,32),(13571,'Sidney High School','121601060006',378,330,6504,83,69,32),(13572,'Sidney Middle School','121601060005',319,330,6504,84,69,32),(13573,'South Kortright Central School','121702040001',381,330,6505,86,67,32),(13574,'Stamford Central School','121701040001',374,330,6506,86,69,32),(13575,'Townsend Elementary School','121901040001',508,330,6507,82,69,32),(13576,'Walton High School','121901040002',316,330,6507,83,69,32),(13577,'Walton Middle School','121901040003',226,330,6507,84,69,32),(13578,'Arlington High School','131601060008',3397,331,6508,83,67,32),(13579,'Arlington Middle School','131601060007',553,331,6508,84,67,32),(13580,'Arthur S May School','131601060001',475,331,6508,82,67,32),(13581,'Beekman School','131601060002',652,331,6508,82,67,32),(13582,'Lagrange Middle School','131601060012',877,331,6508,84,67,32),(13583,'Noxon Road Elementary School','131601060011',435,331,6508,82,67,32),(13584,'Overlook Primary School','131601060004',409,331,6508,82,67,32),(13585,'Titusville Intermediate','131601060013',466,331,6508,82,67,32),(13586,'Traver Road Primary School','131601060005',321,331,6508,82,67,32),(13587,'Union Vale Middle School','131601060015',934,331,6508,84,67,32),(13588,'Vail Farm Elementary School','131601060014',817,331,6508,82,67,32),(13589,'West Road/D\'Aquannis Intermediate School','131601060010',388,331,6508,82,67,32),(13590,'Beacon High School','130200010005',1074,331,6509,83,67,32),(13591,'Glenham School','130200010003',472,331,6509,82,67,32),(13592,'J V Forrestal Elementary School','130200010001',330,331,6509,82,67,32),(13593,'Rombout Middle School','130200010004',735,331,6509,84,67,32),(13594,'Sargent School','130200010006',331,331,6509,82,67,32),(13595,'South Avenue School','130200010002',474,331,6509,82,67,32),(13596,'Dover Elementary School','130502020002',359,331,6510,82,67,32),(13597,'Dover High School','130502020003',507,331,6510,83,67,32),(13598,'Dover Middle School','130502020004',350,331,6510,84,67,32),(13599,'Wingdale Elementary School','130502020001',344,331,6510,82,67,32),(13600,'Franklin D Roosevelt Senior High School','130801060007',1439,331,6511,83,67,32),(13601,'Haviland Middle School','130801060006',937,331,6511,84,67,32),(13602,'Hyde Park Elementary School','130801060001',251,331,6511,82,67,32),(13603,'Netherwood School','130801060002',382,331,6511,82,67,32),(13604,'North Park Elementary School','130801060008',325,331,6511,82,67,32),(13605,'Ralph R Smith School','130801060003',361,331,6511,82,67,32),(13606,'Violet Avenue School','130801060005',355,331,6511,82,67,32),(13607,'Alden Place Elementary School','132201040002',253,331,6512,82,68,32),(13608,'Elm Drive Elementary School','132201040003',238,331,6512,82,68,32),(13609,'Millbrook High School','132201040005',388,331,6512,83,68,32),(13610,'Millbrook Middle School','132201040001',301,331,6512,84,68,32),(13611,'Eugene Brooks Middle School','131101040007',169,331,6513,82,67,32),(13612,'Webutuck Elementary School','131101040006',265,331,6513,82,67,32),(13613,'Webutuck High School','131101040004',369,331,6513,85,67,32),(13614,'Pawling Elementary School','131201040001',494,331,6514,82,68,32),(13615,'Pawling High School','131201040002',416,331,6514,83,68,32),(13616,'Pawling Middle School','131201040003',444,331,6514,84,68,32),(13617,'Cold Spring Early Learning Center','131301040003',237,331,6515,82,67,32),(13618,'Seymour Smith Intermediate Learning Center','131301040001',244,331,6515,82,67,32),(13619,'Stissing Mountain High School','131301040002',393,331,6515,83,67,32),(13620,'Stissing Mountain Middle School','131301040004',234,331,6515,84,67,32),(13621,'Columbus School','131500010013',282,331,6516,82,66,32),(13622,'G W Krieger School','131500010006',613,331,6516,82,66,32),(13623,'Gov George Clinton School','131500010003',400,331,6516,82,66,32),(13624,'Morse Young Magnet School','131500010009',582,331,6516,82,66,32),(13625,'Poughkeepsie High School','131500010010',1177,331,6516,83,66,32),(13626,'Poughkeepsie Middle School','131500010011',1017,331,6516,84,66,32),(13627,'Warring Magnet Academy Of Science And Technology','131500010001',380,331,6516,82,66,32),(13628,'Linden Avenue Middle School','131701060004',492,331,6517,84,67,32),(13629,'Mill Road-Intermediate Grades','131701060006',454,331,6517,82,67,32),(13630,'Mill Road-Primary Grades','131701060008',449,331,6517,82,67,32),(13631,'Red Hook Senior High School','131701060002',768,331,6517,83,67,32),(13632,'Bulkeley Middle School','131801040003',280,331,6518,84,68,32),(13633,'Chancellor Livingston Elementary School','131801040002',483,331,6518,82,68,32),(13634,'Rhinebeck Senior High School','131801040001',399,331,6518,83,68,32),(13635,'Hagan School','131602020001',428,331,6519,82,67,32),(13636,'Nassau School','131602020003',211,331,6519,82,67,32),(13637,'Orville A Todd Middle School','131602020004',409,331,6519,84,67,32),(13638,'Spackenkill High School','131602020005',565,331,6519,83,67,32),(13639,'Brinckerhoff Elementary School','132101060001',575,331,6520,82,67,32),(13640,'Fishkill Elementary School','132101060002',512,331,6520,82,67,32),(13641,'Fishkill Plains Elementary School','132101060003',667,331,6520,82,67,32),(13642,'Gayhead School','132101060004',1021,331,6520,82,67,32),(13643,'James S Evans Elementary School','132101060005',376,331,6520,82,67,32),(13644,'John Jay Senior High School','132101060015',2216,331,6520,83,67,32),(13645,'Kinry Road Elementary School','132101060006',416,331,6520,82,67,32),(13646,'Myers Corners School','132101060013',723,331,6520,82,67,32),(13647,'Oak Grove Elementary School','132101060012',390,331,6520,82,67,32),(13648,'Orchard View Alternative High School','132101060016',46,331,6520,83,67,32),(13649,'Roy C Ketcham Senior High School','132101060011',2001,331,6520,83,67,32),(13650,'Sheafe Road Elementary School','132101060008',520,331,6520,82,67,32),(13651,'Van Wyck Junior High School','132101060009',1560,331,6520,84,67,32),(13652,'Vassar Road Elementary School','132101060007',382,331,6520,82,67,32),(13653,'Wappingers Junior High School','132101060010',909,331,6520,87,67,32),(13654,'Aloma D Johnson Community Charter School','140600860911',301,332,6389,82,65,31),(13655,'Buffalo Academy Of Science Charter School','140600860861',382,332,6389,85,65,31),(13656,'Buffalo United Charter School','140600860851',614,332,6389,82,65,31),(13657,'Charter School For Applied Technologies','142601860031',1609,332,6389,86,65,31),(13658,'Community Charter School','140600860843',334,332,6389,82,65,31),(13659,'Elmwood Village Charter School','140600860896',199,332,6389,82,65,31),(13660,'Enterprise Charter School','140600860856',405,332,6389,82,65,31),(13661,'Global Concepts Charter School','141800860044',708,332,6389,82,65,31),(13662,'Health Sciences Charter School','140600860961',95,332,6389,83,65,31),(13663,'King Center Charter School','140600860814',176,332,6389,82,65,31),(13664,'Oracle Charter School','140600860868',336,332,6389,83,65,31),(13665,'Pinnacle Charter School','140600860853',534,332,6389,82,65,31),(13666,'South Buffalo Charter School','140600860817',667,332,6389,82,65,31),(13667,'Tapestry Charter School','140600860838',548,332,6389,86,65,31),(13668,'Western New York Maritime Charter School','140600860863',319,332,6389,83,65,31),(13669,'Westminster Community Charter School','140600860874',562,332,6389,82,65,31),(13670,'Akron Elementary School','142101040001',699,332,6521,82,67,32),(13671,'Akron High School','142101040002',513,332,6521,83,67,32),(13672,'Akron Middle School','142101040003',336,332,6521,84,67,32),(13673,'Alden Intermediate School','140101060001',396,332,6522,82,67,32),(13674,'Alden Middle School','140101060005',403,332,6522,84,67,32),(13675,'Alden Primary At Townline','140101060003',417,332,6522,82,67,32),(13676,'Alden Senior High School','140101060006',631,332,6522,83,67,32),(13677,'Amherst Central High School','140201060002',864,332,6523,83,67,32),(13678,'Amherst Middle School','140201060001',625,332,6523,84,67,32),(13679,'Smallwood Drive School','140201060005',774,332,6523,82,67,32),(13680,'Windermere Blvd School','140201060006',719,332,6523,82,67,32),(13681,'Bennett High School','140600010099',848,332,6524,83,70,32),(13682,'Bennett Park Montessori School','140600010122',851,332,6524,82,70,32),(13683,'Bilingual Center','140600010033',512,332,6524,82,70,32),(13684,'Buffalo Academy For The Visual & Performing Arts','140600010097',837,332,6524,85,70,32),(13685,'Buffalo Elementary School Of Technology','140600010006',589,332,6524,82,70,32),(13686,'Build Academy','140600010032',628,332,6524,82,70,32),(13687,'Burgard Vocational High School','140600010101',602,332,6524,83,70,32),(13688,'Campus West School','140600010120',786,332,6524,82,70,32),(13689,'City Honors School At Fosdick Masten Park','140600010102',887,332,6524,85,70,32),(13690,'Community School #53 At #4','140600010053',392,332,6524,82,70,32),(13691,'Discovery School','140600010001',578,332,6524,82,70,32),(13692,'Dr Antonia Pantoja Community School Of Academic Excellence At #77','140600010018',457,332,6524,82,70,32),(13693,'Dr Charles R Drew Science Magnet - #90','140600010090',386,332,6524,82,70,32),(13694,'Dr George Blackman Ecc','140600010054',483,332,6524,82,70,32),(13695,'Dr Lydia T Wright Sch Of Excellence','140600010094',859,332,6524,82,70,32),(13696,'Dr Martin Luther King, Jr Multicultural Institute','140600010039',729,332,6524,82,70,32),(13697,'D\'Youville-Porter Campus','140600010003',644,332,6524,82,70,32),(13698,'East High School','140600010307',610,332,6524,83,70,32),(13699,'Emerson School Of Hospitality','140600010104',461,332,6524,83,70,32),(13700,'Frank A Sedita School #30','140600010130',724,332,6524,82,70,32),(13701,'Frederick Olmsted #56','140600010056',490,332,6524,85,70,32),(13702,'Frederick Olmsted #64 At #78','140600010064',512,332,6524,82,70,32),(13703,'Grabiarz-Campus School #79','140600010129',369,332,6524,84,70,32),(13704,'Grover Cleveland High School','140600010103',37,332,6524,83,70,32),(13705,'Harriet Ross Tubman Academy','140600010031',483,332,6524,82,70,32),(13706,'Harvey Austin School #97','140600010197',329,332,6524,82,70,32),(13707,'Herman Badillo Community School','140600010076',620,332,6524,82,70,32),(13708,'Highgate Heights','140600010080',569,332,6524,82,70,32),(13709,'Hutchinson Central Technical High School','140600010105',1069,332,6524,83,70,32),(13710,'International Preparatory School At Grover Cleveland At #187','140600010308',431,332,6524,85,70,32),(13711,'International School','140600010045',879,332,6524,82,70,32),(13712,'Lafayette High School','140600010107',678,332,6524,83,70,32),(13713,'Leonardo Da Vinci High School','140600010128',384,332,6524,83,70,32),(13714,'Lorraine Elementary School','140600010072',591,332,6524,82,70,32),(13715,'Lovejoy Discovery School #43','140600010043',538,332,6524,82,70,32),(13716,'Math Science Technology Preparatory School At Seneca (The)','140600010132',387,332,6524,85,70,32),(13717,'Mckinley Vocational High School','140600010098',1098,332,6524,83,70,32),(13718,'Native American Magnet','140600010019',438,332,6524,82,70,32),(13719,'Ps 17','140600010017',426,332,6524,82,70,32),(13720,'Ps 27 Hillery Park Academy','140600010027',576,332,6524,82,70,32),(13721,'Ps 37 Futures Academy','140600010037',570,332,6524,82,70,32),(13722,'Ps 42 Occupational Training Center','140600010042',368,332,6524,85,70,32),(13723,'Ps 59 Dr Charles Drew Science Magnet','140600010059',470,332,6524,82,70,32),(13724,'Ps 61','140600010061',316,332,6524,82,70,32),(13725,'Ps 65 Roosevelt Academy','140600010065',369,332,6524,82,70,32),(13726,'Ps 66 North Park Academy','140600010066',423,332,6524,84,70,32),(13727,'Ps 69 Houghton Academy','140600010069',524,332,6524,82,70,32),(13728,'Ps 74 Hamlin Park Elementary School','140600010074',513,332,6524,82,70,32),(13729,'Ps 81','140600010081',709,332,6524,82,70,32),(13730,'Ps 82','140600010082',475,332,6524,82,70,32),(13731,'Ps 84','140600010084',68,332,6524,86,70,32),(13732,'Riverside Institute Of Technology','140600010108',762,332,6524,83,70,32),(13733,'South Park High School','140600010110',817,332,6524,83,70,32),(13734,'Southside Elementary School','140600010093',1047,332,6524,82,70,32),(13735,'Stanley Makowski Early Childhood Center','140600010126',873,332,6524,82,70,32),(13736,'Waterfront School','140600010119',915,332,6524,82,70,32),(13737,'West Hertel Elementary School','140600010118',557,332,6524,82,70,32),(13738,'Cheektowaga High School','140701060006',752,332,6525,83,67,32),(13739,'Cheektowaga Middle School','140701060007',531,332,6525,84,67,32),(13740,'Pine Hill Education Center','140701060001',350,332,6525,82,67,32),(13741,'Union East Elementary School','140701060004',631,332,6525,82,67,32),(13742,'Maryvale High School','140702030006',737,332,6526,83,67,32),(13743,'Maryvale Intermediate School','140702030004',457,332,6526,82,67,32),(13744,'Maryvale Middle School','140702030005',485,332,6526,84,67,32),(13745,'Maryvale Primary School','140702030003',555,332,6526,82,67,32),(13746,'John F Kennedy Middle School','140709030003',370,332,6527,84,66,32),(13747,'John F Kennedy Senior High School','140709030004',503,332,6527,83,66,32),(13748,'Theodore Roosevelt School','140709030001',364,332,6527,82,66,32),(13749,'Woodrow Wilson Elementary School','140709030002',298,332,6527,82,66,32),(13750,'Clarence Center Elementary School','140801060007',498,332,6528,82,68,32),(13751,'Clarence Middle School','140801060008',1228,332,6528,84,68,32),(13752,'Clarence Senior High School','140801060006',1658,332,6528,83,68,32),(13753,'Harris Hill Elementary School','140801060002',548,332,6528,82,68,32),(13754,'Ledgeview Elementary School','140801060003',558,332,6528,82,68,32),(13755,'Sheridan Hill Elementary School','140801060005',534,332,6528,82,68,32),(13756,'Cleveland Hill Elementary School','140703020002',643,332,6529,82,67,32),(13757,'Cleveland Hill High School','140703020003',468,332,6529,83,67,32),(13758,'Cleveland Hill Middle School','140703020004',324,332,6529,84,67,32),(13759,'Cayuga Heights Elementary School','140707030005',896,332,6530,82,67,32),(13760,'Depew High School','140707030003',668,332,6530,83,67,32),(13761,'Depew Middle School','140707030004',452,332,6530,84,67,32),(13762,'East Aurora High School','140301030005',716,332,6531,83,68,32),(13763,'East Aurora Middle School','140301030004',563,332,6531,84,68,32),(13764,'Parkdale Elementary School','140301030001',654,332,6531,82,68,32),(13765,'Eden Elementary School','141201060005',449,332,6532,82,67,32),(13766,'Eden Junior-Senior High School','141201060001',864,332,6532,85,67,32),(13767,'G L Priess Primary School','141201060002',354,332,6532,82,67,32),(13768,'A J Schmidt Elementary School','141401060008',268,332,6533,82,67,32),(13769,'Highland Elementary School','141401060001',358,332,6533,82,67,32),(13770,'John T Waugh Elementary School','141401060004',294,332,6533,82,67,32),(13771,'Lake Shore Middle School','141401060009',645,332,6533,84,67,32),(13772,'Lake Shore Senior High School','141401060003',924,332,6533,83,67,32),(13773,'William T Hoag Elementary School','141401060002',209,332,6533,82,67,32),(13774,'Big Tree Elementary School','141604060003',586,332,6534,82,67,32),(13775,'Blasdell Elementary School','141604060004',491,332,6534,82,67,32),(13776,'Cloverbank Elementary School','141604060005',608,332,6534,82,67,32),(13777,'Frontier Middle School','141604060007',1235,332,6534,84,67,32),(13778,'Frontier Senior High School','141604060008',1619,332,6534,83,67,32),(13779,'Pinehurst Elementary School','141604060006',625,332,6534,82,67,32),(13780,'Charlotte Sidway School','141501060006',440,332,6535,82,67,32),(13781,'Grand Island Senior High School','141501060004',1028,332,6535,83,67,32),(13782,'Huth Road School','141501060001',474,332,6535,82,67,32),(13783,'Kaegebein School','141501060003',391,332,6535,82,67,32),(13784,'Veronica E Connor Middle School','141501060005',763,332,6535,84,67,32),(13785,'Armor Elementary School','141601060001',453,332,6536,82,67,32),(13786,'Boston Valley Elementary School','141601060002',283,332,6536,82,67,32),(13787,'Charlotte Avenue Elementary School','141601060003',401,332,6536,82,67,32),(13788,'Hamburg High School','141601060007',1173,332,6536,83,67,32),(13789,'Hamburg Middle School','141601060006',895,332,6536,84,67,32),(13790,'Union Pleasant Avenue Elementary School','141601060004',714,332,6536,82,67,32),(13791,'Harold O Brumsted Elementary School','141701040002',364,332,6537,82,67,32),(13792,'Holland High School','141701040001',326,332,6537,83,67,32),(13793,'Holland Middle School','141701040003',322,332,6537,84,67,32),(13794,'Hopevale School','141603020001',110,332,6538,85,67,32),(13795,'Elma Primary School','141301060007',234,332,6539,82,67,32),(13796,'Iroquois Intermediate School','141301060002',395,332,6539,82,67,32),(13797,'Iroquois Middle School','141301060005',637,332,6539,84,67,32),(13798,'Iroquois Senior High School','141301060006',922,332,6539,83,67,32),(13799,'Marilla Primary School','141301060003',179,332,6539,82,67,32),(13800,'Wales Primary School','141301060004',201,332,6539,82,67,32),(13801,'Alexander Hamilton Elementary School','142601030002',443,332,6540,82,67,32),(13802,'Ben Franklin Elementary School','142601030023',574,332,6540,82,67,32),(13803,'Ben Franklin Middle School','142601030003',502,332,6540,84,67,32),(13804,'Charles A Lindbergh Elementary School','142601030006',513,332,6540,82,67,32),(13805,'Herbert Hoover Elementary School','142601030024',586,332,6540,82,67,32),(13806,'Herbert Hoover Middle School','142601030011',651,332,6540,84,67,32),(13807,'Holmes Elementary School','142601030013',359,332,6540,82,67,32),(13808,'Kenmore East Senior High School','142601030025',1143,332,6540,83,67,32),(13809,'Kenmore Middle School','142601030022',628,332,6540,84,67,32),(13810,'Kenmore West Senior High School','142601030026',1461,332,6540,83,67,32),(13811,'Theodore Roosevelt Elementary School','142601030019',389,332,6540,82,67,32),(13812,'Thomas A Edison Elementary School','142601030020',490,332,6540,82,67,32),(13813,'Thomas Jefferson Elementary School','142601030021',303,332,6540,82,67,32),(13814,'Lackawanna High School','141800010008',605,332,6541,83,66,32),(13815,'Lackawanna Middle School','141800010005',248,332,6541,87,66,32),(13816,'Martin Road Elementary School','141800010011',555,332,6541,82,66,32),(13817,'Truman Elementary School','141800010010',515,332,6541,82,66,32),(13818,'Como Park Elementary School','141901060004',417,332,6542,82,67,32),(13819,'Court Street Elementary School','141901060005',417,332,6542,82,67,32),(13820,'Hillview Elementary School','141901060006',500,332,6542,82,67,32),(13821,'John A Sciole Elementary School','141901060001',380,332,6542,82,67,32),(13822,'Lancaster High School','141901060008',1986,332,6542,83,67,32),(13823,'Lancaster Middle School','141901060007',1013,332,6542,87,67,32),(13824,'William Street School','141901060010',1395,332,6542,82,67,32),(13825,'North Collins Elementary School','142201040002',327,332,6543,82,67,32),(13826,'North Collins Junior-Senior High School','142201040001',305,332,6543,85,67,32),(13827,'Eggert Road Elementary School','142301060003',584,332,6544,82,68,32),(13828,'Ellicott Road Elementary School','142301060007',699,332,6544,82,68,32),(13829,'Orchard Park High School','142301060006',1624,332,6544,83,68,32),(13830,'Orchard Park Middle School','142301060002',1197,332,6544,84,68,32),(13831,'South Davis Elementary School','142301060005',397,332,6544,82,68,32),(13832,'Windom Elementary School','142301060001',636,332,6544,82,68,32),(13833,'Colden Elementary School','141101060002',255,332,6545,82,67,32),(13834,'Griffith Institute High School','141101060001',695,332,6545,83,67,32),(13835,'Griffith Institute Middle School','141101060004',466,332,6545,84,67,32),(13836,'Springville Elementary School','141101060003',641,332,6545,82,67,32),(13837,'Glendale Elementary School','140207060002',402,332,6546,82,67,32),(13838,'Heritage Heights Elementary School','140207060008',345,332,6546,82,67,32),(13839,'Maplemere Elementary School','140207060003',404,332,6546,82,67,32),(13840,'Sweet Home Middle School','140207060005',798,332,6546,84,67,32),(13841,'Sweet Home Senior High School','140207060006',1193,332,6546,83,67,32),(13842,'Willow Ridge Elementary School','140207060007',325,332,6546,82,67,32),(13843,'Fletcher Elementary School','142500010003',292,332,6547,82,67,32),(13844,'Mullen Elementary School','142500010005',299,332,6547,82,67,32),(13845,'Riverview Elementary School','142500010007',291,332,6547,82,67,32),(13846,'Tonawanda Middle/High School','142500010009',1064,332,6547,85,67,32),(13847,'Allendale Elementary School','142801060003',496,332,6548,82,67,32),(13848,'Alternative Learning Center','142801060004',49,332,6548,83,67,32),(13849,'Clinton Elementary School','142801060015',534,332,6548,82,67,32),(13850,'East Elementary School','142801060012',464,332,6548,82,67,32),(13851,'East Middle School','142801060005',449,332,6548,87,67,32),(13852,'Northwood Elementary School','142801060017',526,332,6548,82,67,32),(13853,'Potters Road School','142801060001',431,332,6548,82,67,32),(13854,'West Elementary School','142801060018',800,332,6548,82,67,32),(13855,'West Middle School','142801060011',668,332,6548,87,67,32),(13856,'West Seneca East Senior High School','142801060016',964,332,6548,83,67,32),(13857,'West Seneca West Senior High School','142801060010',1378,332,6548,83,67,32),(13858,'Winchester Elementary School','142801060008',338,332,6548,82,67,32),(13859,'Casey Middle School','140203060012',705,332,6549,84,67,32),(13860,'Country Parkway Elementary School','140203060011',609,332,6549,82,67,32),(13861,'Dodge Elementary School','140203060002',600,332,6549,82,67,32),(13862,'Forest Elementary School','140203060007',553,332,6549,82,67,32),(13863,'Heim Elementary School','140203060005',698,332,6549,82,67,32),(13864,'Heim Middle School','140203060009',624,332,6549,84,67,32),(13865,'Maple East Elementary School','140203060003',644,332,6549,82,67,32),(13866,'Maple West Elementary School','140203060008',641,332,6549,82,67,32),(13867,'Mill Middle School','140203060001',881,332,6549,84,67,32),(13868,'Transit Middle School','140203060015',971,332,6549,84,67,32),(13869,'Williamsville East High School','140203060013',1085,332,6549,83,67,32),(13870,'Williamsville North High School','140203060010',1387,332,6549,83,67,32),(13871,'Williamsville South High School','140203060004',1003,332,6549,83,67,32),(13872,'Crown Point Central School','150203040001',260,333,6550,86,69,32),(13873,'Elizabethtown-Lewis Central School','150301040001',306,333,6551,86,69,32),(13874,'Keene Central School','150601040001',157,333,6552,86,68,32),(13875,'Lake Placid Elementary School','151102040002',310,333,6553,82,67,32),(13876,'Lake Placid Junior-Senior High School','151102040001',415,333,6553,85,67,32),(13877,'Minerva Central School','150801040001',140,333,6554,86,67,32),(13878,'Moriah Elementary School','150901040007',455,333,6555,82,69,32),(13879,'Moriah Junior-Senior High School','150901040004',339,333,6555,85,69,32),(13880,'Newcomb Central School','151001040001',85,333,6556,86,68,32),(13881,'Schroon Lake Central School','151401040001',239,333,6557,86,67,32),(13882,'Ticonderoga Elementary School','151501060003',373,333,6558,82,69,32),(13883,'Ticonderoga Middle School','151501060007',214,333,6558,84,69,32),(13884,'Ticonderoga Senior High School','151501060001',310,333,6558,83,69,32),(13885,'Westport Central School','151601040001',252,333,6559,86,67,32),(13886,'Willsboro Central School','151701040001',316,333,6560,86,67,32),(13887,'Brushton Grade School','161601040003',287,334,6561,82,69,32),(13888,'Brushton Moira High School','161601040002',511,334,6561,85,69,32),(13889,'Chateaugay Elementary School','160801040001',296,334,6562,82,69,32),(13890,'Chateaugay High School','160801040002',263,334,6562,85,69,32),(13891,'Davis Elementary School','161501060011',624,334,6563,82,69,32),(13892,'Flanders Elementary School','161501060006',244,334,6563,82,69,32),(13893,'Franklin Academy High School','161501060014',858,334,6563,83,69,32),(13894,'Malone Middle School','161501060015',465,334,6563,84,69,32),(13895,'Saint Joseph\'S Elementary School','161501060016',241,334,6563,82,69,32),(13896,'Saint Regis Falls Central School','161801040001',302,334,6564,86,69,32),(13897,'Saint Regis Mohawk School','161201040001',456,334,6565,82,69,32),(13898,'Salmon River Elementary School','161201040003',434,334,6565,82,69,32),(13899,'Salmon River High School','161201040002',664,334,6565,85,69,32),(13900,'Bloomingdale School','161401060004',187,334,6566,82,67,32),(13901,'Lake Colby School','161401060007',78,334,6566,82,67,32),(13902,'Petrova Elementary School','161401060001',321,334,6566,82,67,32),(13903,'Saranac Lake Middle School','161401060003',314,334,6566,84,67,32),(13904,'Saranac Lake Senior High School','161401060002',510,334,6566,83,67,32),(13905,'L P Quinn Elementary School','160101060003',467,334,6567,82,67,32),(13906,'Tupper Lake Middle-High School','160101060001',426,334,6567,85,67,32),(13907,'Broadalbin-Perth High School','171102040004',623,335,6568,83,67,32),(13908,'Broadalbin-Perth Intermediate School','171102040001',386,335,6568,82,67,32),(13909,'Broadalbin-Perth Middle School','171102040003',438,335,6568,84,67,32),(13910,'Learning Community At Broadalbin-Perth (The)','171102040002',407,335,6568,82,67,32),(13911,'Boulevard School','170500010004',539,335,6569,82,69,32),(13912,'Gloversville High School','170500010009',949,335,6569,83,69,32),(13913,'Gloversville Middle School','170500010008',687,335,6569,84,69,32),(13914,'Kingsborough School','170500010011',256,335,6569,82,69,32),(13915,'Mcnab-Meco School','170500010006',396,335,6569,82,69,32),(13916,'Park Terrace School','170500010007',292,335,6569,82,69,32),(13917,'Glebe Street Elementary School','170600010001',302,335,6570,82,67,32),(13918,'Johnstown Senior High School','170600010006',668,335,6570,83,67,32),(13919,'Knox Junior High School','170600010007',261,335,6570,87,67,32),(13920,'Pleasant Avenue School','170600010004',313,335,6570,82,67,32),(13921,'Warren Street School','170600010005',332,335,6570,82,67,32),(13922,'Mayfield Elementary School','170801040001',547,335,6571,82,67,32),(13923,'Mayfield Jr/Sr High School','170801040002',479,335,6571,85,67,32),(13924,'Northville Elementary School','170901040002',221,335,6572,82,67,32),(13925,'Northville High School','170901040001',267,335,6572,85,67,32),(13926,'Oppenheim-Ephratah Central School','171001040001',369,335,6573,86,69,32),(13927,'Wheelerville School','170301020001',135,335,6574,82,67,32),(13928,'Alexander Elementary School','180202040002',412,336,6575,82,67,32),(13929,'Alexander Middle School-High School','180202040003',501,336,6575,85,67,32),(13930,'Batavia High School','180300010006',703,336,6576,83,69,32),(13931,'Batavia Middle School','180300010005',542,336,6576,84,69,32),(13932,'Jackson School','180300010003',394,336,6576,82,69,32),(13933,'John Kennedy School','180300010001',374,336,6576,82,69,32),(13934,'Robert Morris School','180300010004',424,336,6576,82,69,32),(13935,'Byron-Bergen Elementary School','180701040004',397,336,6577,82,67,32),(13936,'Byron-Bergen Junior/Senior High School','180701040001',338,336,6577,83,67,32),(13937,'Byron-Bergen Middle School','180701040005',345,336,6577,84,67,32),(13938,'Elba Elementary School','180901040001',244,336,6578,82,67,32),(13939,'Elba Junior-Senior High School','180901040002',250,336,6578,85,67,32),(13940,'Le Roy Junior-Senior High School','181001060002',616,336,6579,85,67,32),(13941,'Wolcott Street School','181001060001',693,336,6579,82,67,32),(13942,'Oakfield-Alabama Elementary School','181101040006',431,336,6580,82,67,32),(13943,'Oakfield-Alabama Middle School High School','181101040001',509,336,6580,85,67,32),(13944,'D B Bunce Elementary School','181201040002',348,336,6581,82,67,32),(13945,'Pavilion Junior-Senior High School','181201040001',475,336,6581,85,67,32),(13946,'Pembroke Intermediate School','181302040001',296,336,6582,82,67,32),(13947,'Pembroke Junior-Senior High School','181302040002',509,336,6582,85,67,32),(13948,'Pembroke Primary School','181302040003',242,336,6582,82,67,32),(13949,'Cairo Elementary School','190301040001',432,337,6583,82,67,32),(13950,'Cairo-Durham High School','190301040003',517,337,6583,83,67,32),(13951,'Cairo-Durham Middle School','190301040004',352,337,6583,84,67,32),(13952,'Durham Elementary School','190301040002',141,337,6583,82,67,32),(13953,'Catskill Elementary School','190401060008',788,337,6584,82,67,32),(13954,'Catskill Middle School','190401060007',377,337,6584,84,67,32),(13955,'Catskill Senior High School','190401060003',562,337,6584,83,67,32),(13956,'Coxsackie Elementary School','190501040002',288,337,6585,82,67,32),(13957,'Coxsackie-Athens High School','190501040001',514,337,6585,83,67,32),(13958,'Coxsackie-Athens Middle School','190501040004',443,337,6585,84,67,32),(13959,'Edward J Arthur Elementary School','190501040003',282,337,6585,82,67,32),(13960,'Greenville High School','190701040004',412,337,6586,83,67,32),(13961,'Greenville Middle School','190701040001',292,337,6586,84,67,32),(13962,'Scott M Ellis Elementary School','190701040005',544,337,6586,82,67,32),(13963,'Hunter Elementary School','190901040003',197,337,6587,82,67,32),(13964,'Hunter-Tannersville Middle School High School','190901040001',231,337,6587,85,67,32),(13965,'Windham Ashland Central School','191401040001',399,337,6588,86,67,32),(13966,'Indian Lake Central School','200401040001',153,338,6589,86,67,32),(13967,'Inlet Elementary School','200501080001',32,338,6590,82,67,32),(13968,'Lake Pleasant School','200601040001',96,338,6591,82,67,32),(13969,'Long Lake Central School','200701040001',59,338,6592,86,68,32),(13970,'Piseco Elementary School','200101080001',24,338,6593,82,67,32),(13971,'Wells School','200901040001',182,338,6594,86,67,32),(13972,'Dolgeville Elementary School','211003040001',357,339,6595,82,69,32),(13973,'Dolgeville Middle School','211003040004',292,339,6595,84,69,32),(13974,'James A Green High School','211003040002',246,339,6595,83,69,32),(13975,'Frankfort Schuyler Central High School','210402060001',387,339,6596,83,67,32),(13976,'Frankfort-Schuyler Elementary School','210402060003',278,339,6596,82,67,32),(13977,'Frankfort-Schuyler Middle School','210402060005',273,339,6596,84,67,32),(13978,'West Frankfort Elementary School','210402060002',245,339,6596,82,67,32),(13979,'Herkimer Elementary School','210601060006',674,339,6597,82,69,32),(13980,'Herkimer High School','210601060005',555,339,6597,85,69,32),(13981,'Barringer Road Elementary School','210501060006',399,339,6598,82,66,32),(13982,'Ilion Junior-Senior High School','210501060005',754,339,6598,85,66,32),(13983,'Remington Elementary School','210501060007',507,339,6598,82,66,32),(13984,'Benton Hall Academy','210800050001',538,339,6599,82,69,32),(13985,'Little Falls High School','210800050005',368,339,6599,83,69,32),(13986,'Little Falls Middle School','210800050006',272,339,6599,84,69,32),(13987,'Gregory B Jarvis Junior-Senior Hs','210502040001',392,339,6600,85,67,32),(13988,'Harry M Fisher Elementary School','210502040002',453,339,6600,82,67,32),(13989,'Mount Markham Elementary School','212001040002',453,339,6601,82,69,32),(13990,'Mount Markham Middle School','212001040005',361,339,6601,84,69,32),(13991,'Mount Markham Senior High School','212001040003',420,339,6601,83,69,32),(13992,'Poland Elementary School','211103040003',302,339,6602,82,69,32),(13993,'Poland Junior-Senior High School','211103040001',355,339,6602,85,69,32),(13994,'Town Of Webb School','211901020001',290,339,6603,86,68,32),(13995,'Owen D Young Central School','211701040001',207,339,6604,86,69,32),(13996,'West Canada Valley Elementary School','210302040005',398,339,6605,82,67,32),(13997,'West Canada Valley Junior-Senior High School','210302040003',380,339,6605,85,67,32),(13998,'Alexandria Central Elementary School','220202040001',347,340,6606,82,67,32),(13999,'Alexandria Central High School','220202040002',310,340,6606,85,67,32),(14000,'Belleville Henderson Central School','220909040010',507,340,6607,86,69,32),(14001,'Black River School','222201060002',488,340,6608,82,69,32),(14002,'Carthage Elementary School','222201060005',503,340,6608,82,69,32),(14003,'Carthage Middle School','222201060011',1063,340,6608,84,69,32),(14004,'Carthage Senior High School','222201060001',951,340,6608,83,69,32),(14005,'West Carthage Elementary School','222201060006',476,340,6608,82,69,32),(14006,'Brownville School','220401040002',514,340,6609,82,67,32),(14007,'Dexter Elementary School','220401040003',334,340,6609,82,67,32),(14008,'General Brown Junior-Senior High School','220401040004',704,340,6609,85,67,32),(14009,'Antwerp Primary School','220301060001',247,340,6610,82,69,32),(14010,'Calcium Primary School','220301060009',553,340,6610,82,69,32),(14011,'Evans Mills Primary School','220301060002',508,340,6610,82,69,32),(14012,'Indian River High School','220301060007',919,340,6610,83,69,32),(14013,'Indian River Intermediate School','220301060010',643,340,6610,82,69,32),(14014,'Indian River Middle School','220301060008',829,340,6610,84,69,32),(14015,'Philadelphia Primary School','220301060003',167,340,6610,82,69,32),(14016,'Theresa Primary School','220301060004',240,340,6610,82,69,32),(14017,'La Fargeville Central School','221401040001',613,340,6611,86,69,32),(14018,'Lyme Central School','221301040001',357,340,6612,86,69,32),(14019,'Sackets Harbor Central School','221001040001',465,340,6613,86,67,32),(14020,'Clarke Middle School','220101040006',472,340,6614,84,67,32),(14021,'Mannsville Manor Elementary School','220101040004',385,340,6614,82,67,32),(14022,'Maynard P Wilson Elementary School','220101040003',517,340,6614,82,67,32),(14023,'South Jefferson High School','220101040002',607,340,6614,83,67,32),(14024,'Cape Vincent Elementary School','220701040002',114,340,6615,82,67,32),(14025,'Guardino Elementary School','220701040001',357,340,6615,82,67,32),(14026,'Thousand Islands High School','220701040003',348,340,6615,83,67,32),(14027,'Thousand Islands Middle School','220701040004',269,340,6615,84,67,32),(14028,'Case Middle School','222000010013',592,340,6616,87,66,32),(14029,'Harold T Wiley School','222000010017',660,340,6616,82,66,32),(14030,'Knickerbocker School','222000010007',425,340,6616,82,66,32),(14031,'North Elementary School','222000010014',546,340,6616,82,66,32),(14032,'Ohio Street School','222000010015',338,340,6616,82,66,32),(14033,'Sherman School','222000010010',346,340,6616,82,66,32),(14034,'Starbuck Elementary School','222000010011',134,340,6616,82,66,32),(14035,'Watertown Senior High School','222000010016',1226,340,6616,83,66,32),(14036,'Beaver River Elementary School','231301040001',383,341,6617,82,69,32),(14037,'Beaver River Middle School','231301040004',198,341,6617,84,69,32),(14038,'Beaver River Senior High School','231301040002',311,341,6617,83,69,32),(14039,'Copenhagen Central School','230201040001',499,341,6618,86,69,32),(14040,'Harrisville Elementary School','230301040001',247,341,6619,82,67,32),(14041,'Harrisville Junior-Senior High School','230301040002',183,341,6619,85,67,32),(14042,'Lowville Elementary School','230901040001',725,341,6620,82,69,32),(14043,'Lowville High School','230901040002',431,341,6620,83,69,32),(14044,'Lowville Middle School','230901040003',320,341,6620,84,69,32),(14045,'Constableville Elementary School','231101040004',92,341,6621,82,69,32),(14046,'Glenfield Elementary School','231101040005',198,341,6621,82,69,32),(14047,'Port Leyden Elementary School','231101040008',211,341,6621,82,69,32),(14048,'South Lewis High School','231101040007',355,341,6621,83,69,32),(14049,'South Lewis Middle School','231101040006',212,341,6621,84,69,32),(14050,'Avon High School','240101040002',330,342,6622,83,67,32),(14051,'Avon Middle School','240101040003',312,342,6622,84,67,32),(14052,'Avon Primary School','240101040001',364,342,6622,82,67,32),(14053,'Caledonia-Mumford Elementary School','240201040001',422,342,6623,82,67,32),(14054,'Caledonia-Mumford High School','240201040002',329,342,6623,83,67,32),(14055,'Caledonia-Mumford Middle School','240201040003',209,342,6623,84,67,32),(14056,'Dalton-Nunda Elementary School','241101040002',345,342,6624,82,67,32),(14057,'Dalton-Nunda High School','241101040003',264,342,6624,83,67,32),(14058,'Dalton-Nunda Middle School','241101040001',212,342,6624,84,67,32),(14059,'Dansville Junior/Senior High School','241001060003',556,342,6625,83,69,32),(14060,'Dansville Middle School','241001060002',376,342,6625,84,69,32),(14061,'Dansville Primary School','241001060004',412,342,6625,82,69,32),(14062,'Ellis B Hyde Elementary School','241001060001',372,342,6625,82,69,32),(14063,'Geneseo Elementary School','240401040002',410,342,6626,82,67,32),(14064,'Geneseo Middle School High School','240401040001',489,342,6626,85,67,32),(14065,'Livonia Elementary School','240801060001',532,342,6627,82,67,32),(14066,'Livonia Intermediate School','240801060004',405,342,6627,82,67,32),(14067,'Livonia Junior/Senior High School','240801060002',639,342,6627,83,67,32),(14068,'Livonia Middle School','240801060003',276,342,6627,87,67,32),(14069,'Mount Morris Elementary School','240901040002',295,342,6628,82,69,32),(14070,'Mount Morris Middle/Senior High School','240901040001',206,342,6628,85,69,32),(14071,'York Central Elementary School','241701040003',336,342,6629,82,67,32),(14072,'York Middle/High School','241701040004',472,342,6629,85,67,32),(14073,'Brookfield Central School','250109040001',239,343,6630,86,69,32),(14074,'Canastota High School','250901060004',737,343,6631,85,67,32),(14075,'Peterboro Street Elementary School','250901060003',221,343,6631,82,67,32),(14076,'Roberts Street Middle School','250901060005',366,343,6631,82,67,32),(14077,'South Side Elementary School','250901060006',218,343,6631,82,67,32),(14078,'Burton Street Elementary School','250201060006',559,343,6632,82,67,32),(14079,'Cazenovia High School','250201060002',723,343,6632,85,67,32),(14080,'Cazenovia Middle School','250201060001',382,343,6632,84,67,32),(14081,'Bolivar Road Elementary School','251601060002',342,343,6633,82,67,32),(14082,'Bridgeport Elementary School','251601060001',262,343,6633,82,67,32),(14083,'Chittenango High School','251601060005',763,343,6633,83,67,32),(14084,'Chittenango Middle School','251601060003',520,343,6633,84,67,32),(14085,'Lake Street Elementary School','251601060006',341,343,6633,82,67,32),(14086,'Deruyter Elementary School','250301040002',190,343,6634,82,69,32),(14087,'Deruyter High School','250301040001',242,343,6634,85,69,32),(14088,'Hamilton Elementary School','250701040002',277,343,6635,82,67,32),(14089,'Hamilton Junior-Senior High School','250701040001',328,343,6635,85,67,32),(14090,'Madison Central School','251101040003',473,343,6636,86,69,32),(14091,'Edward R Andrews Elementary School','250401040001',414,343,6637,82,69,32),(14092,'Morrisville Middle School High School','250401040004',360,343,6637,85,69,32),(14093,'Durhamville School','251400010002',306,343,6638,82,67,32),(14094,'North Broad Street School','251400010003',245,343,6638,82,67,32),(14095,'Oneida Castle School','251400010004',168,343,6638,82,67,32),(14096,'Oneida Senior High School','251400010009',728,343,6638,83,67,32),(14097,'Otto L Shortell Middle School','251400010008',411,343,6638,87,67,32),(14098,'Seneca Street School','251400010005',257,343,6638,82,67,32),(14099,'W F Prior Elementary School','251400010006',264,343,6638,82,67,32),(14100,'Stockbridge Valley Central School','251501040001',507,343,6639,86,67,32),(14101,'Eugenio Maria De Hostos Charter School','261600860811',353,344,6389,82,65,31),(14102,'Genesee Community Charter School','261600860826',203,344,6389,82,65,31),(14103,'Rochester Academy Charter School','261600860910',260,344,6389,85,65,31),(14104,'True North Rochester Preparatory Charter School (The)','261600860906',447,344,6389,82,65,31),(14105,'University Preparatory Charter School For Young Men','261600860985',161,344,6389,87,65,31),(14106,'Urban Choice Charter School','261600860877',393,344,6389,82,65,31),(14107,'Brighton High School','260101060004',1177,344,6640,83,68,32),(14108,'Council Rock Primary School','260101060001',694,344,6640,82,68,32),(14109,'French Road Elementary School','260101060010',770,344,6640,82,68,32),(14110,'Twelve Corners Middle School','260101060008',876,344,6640,84,68,32),(14111,'A D Oliver Middle School','261801060005',904,344,6641,82,67,32),(14112,'Barclay Elementary School','261801060004',554,344,6641,82,67,32),(14113,'Brockport High School','261801060003',1327,344,6641,83,67,32),(14114,'Fred W Hill School','261801060006',555,344,6641,82,67,32),(14115,'Ginther Elementary School','261801060002',599,344,6641,82,67,32),(14116,'Chestnut Ridge Elementary School','261501060002',643,344,6642,82,67,32),(14117,'Churchville Elementary School','261501060003',335,344,6642,82,67,32),(14118,'Churchville-Chili Middle School 5-8','261501060008',1296,344,6642,84,67,32),(14119,'Churchville-Chili Senior High School','261501060004',1366,344,6642,83,67,32),(14120,'Fairbanks Road Elementary School','261501060006',500,344,6642,82,67,32),(14121,'Durand-Eastman Intermediate School','260801060009',378,344,6643,82,67,32),(14122,'East Irondequoit Middle School','260801060012',729,344,6643,84,67,32),(14123,'Eastridge Senior High School','260801060006',989,344,6643,83,67,32),(14124,'Helendale Road Primary School','260801060011',325,344,6643,82,67,32),(14125,'Ivan L Green Primary School','260801060005',364,344,6643,82,67,32),(14126,'Laurelton-Pardee Intermediate School','260801060003',297,344,6643,82,67,32),(14127,'East Rochester Elementary School','261313030001',665,344,6644,82,67,32),(14128,'East Rochester Junior-Senior High School','261313030002',523,344,6644,85,67,32),(14129,'Brooks Hill School','261301060001',630,344,6645,82,67,32),(14130,'Dudley School','261301060010',645,344,6645,82,67,32),(14131,'Fairport Senior High School','261301060009',1648,344,6645,83,67,32),(14132,'Jefferson Avenue School','261301060006',648,344,6645,82,67,32),(14133,'Johanna Perrin Middle School','261301060002',763,344,6645,84,67,32),(14134,'Martha Brown Middle School','261301060004',850,344,6645,84,67,32),(14135,'Minerva Deland School','261301060007',539,344,6645,83,67,32),(14136,'Northside School','261301060008',803,344,6645,82,67,32),(14137,'Florence Brasser School','260401060002',257,344,6646,82,67,32),(14138,'Gates-Chili High School','260401060001',1605,344,6646,83,67,32),(14139,'Gates-Chili Middle School','260401060004',1023,344,6646,84,67,32),(14140,'Neil Armstrong School','260401060009',512,344,6646,82,67,32),(14141,'Paul Road School','260401060007',563,344,6646,82,67,32),(14142,'Walt Disney School','260401060008',475,344,6646,82,67,32),(14143,'Apollo Middle School','260501060022',691,344,6647,84,67,32),(14144,'Arcadia High School','260501060010',1154,344,6647,83,67,32),(14145,'Arcadia Middle School','260501060023',813,344,6647,84,67,32),(14146,'Athena High School','260501060019',1317,344,6647,83,67,32),(14147,'Athena Middle School','260501060020',893,344,6647,84,67,32),(14148,'Autumn Lane Elementary School','260501060001',397,344,6647,82,67,32),(14149,'Brookside Elementary School Campus','260501060004',273,344,6647,82,67,32),(14150,'Buckman Heights Elementary School','260501060012',362,344,6647,82,67,32),(14151,'Craig Hill Elementary School','260501060015',405,344,6647,82,67,32),(14152,'English Village Elementary School','260501060006',454,344,6647,82,67,32),(14153,'Holmes Road Elementary School','260501060016',418,344,6647,82,67,32),(14154,'Kirk Road Elementary School','260501060018',313,344,6647,82,67,32),(14155,'Lakeshore Elementary School','260501060011',365,344,6647,82,67,32),(14156,'Longridge School','260501060002',813,344,6647,82,67,32),(14157,'Odyssey Academy','260501060013',796,344,6647,85,67,32),(14158,'Olympia High School','260501060008',1137,344,6647,83,67,32),(14159,'Paddy Hill Elementary School','260501060009',387,344,6647,82,67,32),(14160,'Parkland Elementary School Campus','260501060014',274,344,6647,82,67,32),(14161,'Pine Brook Elementary School','260501060024',570,344,6647,82,67,32),(14162,'West Ridge Elementary School','260501060007',388,344,6647,82,67,32),(14163,'Hilton High School','261101060004',1417,344,6648,83,67,32),(14164,'Merton Williams Middle School','261101060005',702,344,6648,87,67,32),(14165,'Northwood Elementary School','261101060006',856,344,6648,82,67,32),(14166,'Quest Elementary School','261101060002',441,344,6648,82,67,32),(14167,'Village Elementary School','261101060001',1044,344,6648,82,67,32),(14168,'Honeoye Falls-Lima Middle School','260901060005',606,344,6649,84,67,32),(14169,'Honeoye Falls-Lima Senior High School','260901060004',854,344,6649,83,67,32),(14170,'Lima Elementary School','260901060001',337,344,6649,82,67,32),(14171,'Manor Intermediate School','260901060002',716,344,6649,82,67,32),(14172,'Bay Trail Middle School','261201060008',1059,344,6650,84,67,32),(14173,'Cobbles Elementary School','261201060003',514,344,6650,82,67,32),(14174,'Harris Hill Elementary School','261201060009',507,344,6650,82,67,32),(14175,'Indian Landing Elementary School','261201060004',453,344,6650,82,67,32),(14176,'Penfield Senior High School','261201060006',1541,344,6650,83,67,32),(14177,'Scribner Road Elementary School','261201060005',495,344,6650,82,67,32),(14178,'Allen Creek School','261401060001',357,344,6651,82,68,32),(14179,'Barker Road Middle School','261401060008',731,344,6651,84,68,32),(14180,'Calkins Road Middle School','261401060011',703,344,6651,84,68,32),(14181,'Jefferson Road School','261401060002',402,344,6651,82,68,32),(14182,'Mendon Center Elementary School','261401060005',802,344,6651,82,68,32),(14183,'Park Road School','261401060004',461,344,6651,82,68,32),(14184,'Pittsford Sutherland High School','261401060006',1020,344,6651,83,68,32),(14185,'Pittsford-Mendon High School','261401060010',993,344,6651,83,68,32),(14186,'Thornell Road School','261401060009',499,344,6651,82,68,32),(14187,'Bioscience & Health Career Hs At Franklin','261600010076',311,344,6652,85,70,32),(14188,'Charlotte High School','261600010060',1046,344,6652,85,70,32),(14189,'Dr Freddie Thomas High School','261600010085',1064,344,6652,85,70,32),(14190,'Dr Walter Cooper Academy','261600010010',174,344,6652,82,70,32),(14191,'East High School','261600010061',1714,344,6652,85,70,32),(14192,'Global Media Arts Hs At Franklin','261600010084',314,344,6652,85,70,32),(14193,'Integrated Arts And Technology High School','261600010101',71,344,6652,87,71,32),(14194,'International Finance & Economic Development Hs At Franklin','261600010086',283,344,6652,85,70,32),(14195,'James Monroe High School','261600010066',1074,344,6652,85,70,32),(14196,'John Marshall High School','261600010065',956,344,6652,85,70,32),(14197,'Joseph C Wilson Foundation Academy','261600010068',552,344,6652,84,70,32),(14198,'Joseph C Wilson Magnet High School','261600010067',1146,344,6652,83,70,32),(14199,'Northeast College Preparatory High School','261600010073',472,344,6652,85,70,32),(14200,'Northwest College Preparatory High School','261600010089',440,344,6652,85,70,32),(14201,'Robert Brown School Of Construction And Design','261600010095',156,344,6652,83,71,32),(14202,'Rochester Early College International High School','261600010102',93,344,6652,83,71,32),(14203,'Rochester Science, Technology, Engineering And Math High School','261600010096',184,344,6652,83,71,32),(14204,'School 12-James P B Duffy','261600010012',785,344,6652,82,70,32),(14205,'School 14-Chester Dewey','261600010014',132,344,6652,82,70,32),(14206,'School 15-Children\'S School Of Rochester (The)','261600010015',302,344,6652,82,70,32),(14207,'School 16-John Walton Spencer','261600010016',447,344,6652,82,70,32),(14208,'School 17-Enrico Fermi','261600010017',614,344,6652,82,70,32),(14209,'School 19-Dr Charles T Lunsford','261600010019',411,344,6652,82,70,32),(14210,'School 1-Martin B Anderson','261600010001',327,344,6652,82,70,32),(14211,'School 20-Henry Lomb School','261600010020',362,344,6652,82,70,32),(14212,'School 22-Lincoln School','261600010022',478,344,6652,82,70,32),(14213,'School 23-Francis Parker','261600010023',347,344,6652,82,70,32),(14214,'School 25-Nathaniel Hawthorne','261600010025',357,344,6652,82,70,32),(14215,'School 28-Henry Hudson','261600010028',606,344,6652,82,70,32),(14216,'School 29-Adlai E Stevenson','261600010029',355,344,6652,82,70,32),(14217,'School 2-Clara Barton','261600010002',379,344,6652,82,70,32),(14218,'School 30-General Elwell S Otis','261600010030',388,344,6652,82,70,32),(14219,'School 33-Audubon','261600010033',1191,344,6652,82,70,32),(14220,'School 34-Dr Louis A Cerulli','261600010034',530,344,6652,82,70,32),(14221,'School 35-Pinnacle','261600010035',430,344,6652,82,70,32),(14222,'School 36-Henry W Longfellow','261600010036',366,344,6652,82,70,32),(14223,'School 39-Andrew J Townson','261600010039',638,344,6652,82,70,32),(14224,'School 3-Nathaniel Rochester','261600010003',665,344,6652,82,70,32),(14225,'School 41-Kodak Park','261600010041',614,344,6652,82,70,32),(14226,'School 42-Abelard Reynolds','261600010042',510,344,6652,82,70,32),(14227,'School 43-Theodore Roosevelt','261600010043',544,344,6652,82,70,32),(14228,'School 44-Lincoln Park','261600010044',417,344,6652,82,70,32),(14229,'School 45-Mary Mcleod Bethune','261600010045',678,344,6652,82,70,32),(14230,'School 46-Charles Carroll','261600010046',325,344,6652,82,70,32),(14231,'School 4-George Mather Forbes','261600010004',364,344,6652,82,70,32),(14232,'School 50-Helen Barrett Montgomery','261600010050',529,344,6652,82,70,32),(14233,'School 52-Frank Fowler Dow','261600010052',343,344,6652,82,70,32),(14234,'School 53 Montessori Academy','261600010053',172,344,6652,82,70,32),(14235,'School 54-Flower City Community School','261600010054',305,344,6652,82,70,32),(14236,'School 57-Early Childhood School','261600010057',216,344,6652,82,70,32),(14237,'School 58-World Of Inquiry School','261600010058',470,344,6652,82,70,32),(14238,'School 5-John Williams','261600010005',543,344,6652,82,70,32),(14239,'School 6-Dag Hammarskjold','261600010006',358,344,6652,82,70,32),(14240,'School 7-Virgil Grissom','261600010007',596,344,6652,82,70,32),(14241,'School 8-Roberto Clemente','261600010008',562,344,6652,82,70,32),(14242,'School 9-Dr Martin Luther King Jr','261600010009',726,344,6652,82,70,32),(14243,'School For Business, Finance And Entrepreneurship At Edison','261600010081',245,344,6652,83,70,32),(14244,'School Of Engineering And Manufacturing At Edison','261600010082',263,344,6652,83,70,32),(14245,'School Of Imaging And Information Technology At Edison','261600010094',273,344,6652,83,70,32),(14246,'School Of The Arts','261600010074',1169,344,6652,85,70,32),(14247,'School Without Walls','261600010069',481,344,6652,85,70,32),(14248,'Skilled Trades At Edison','261600010083',306,344,6652,83,70,32),(14249,'Thomas Jefferson High School','261600010063',956,344,6652,85,70,32),(14250,'Vanguard Collegiate High School','261600010097',98,344,6652,83,71,32),(14251,'Charles H Roth Middle School','261701060014',708,344,6653,84,67,32),(14252,'David B Crane Elementary School','261701060005',478,344,6653,82,67,32),(14253,'Emma E Sherman Elementary School','261701060012',467,344,6653,82,67,32),(14254,'Ethel K Fyle Elementary School','261701060002',469,344,6653,82,67,32),(14255,'Floyd S Winslow Elementary School','261701060006',478,344,6653,82,67,32),(14256,'Henry V Burger Middle School','261701060015',490,344,6653,84,67,32),(14257,'Monica B Leary Elementary School','261701060004',509,344,6653,82,67,32),(14258,'Ninth Grade Academy','261701060009',437,344,6653,83,67,32),(14259,'Rush-Henrietta Senior High School','261701060013',1403,344,6653,83,67,32),(14260,'A M Cosgrove Middle School','261001060005',956,344,6654,84,67,32),(14261,'Canal View Elementary School','261001060007',459,344,6654,82,67,32),(14262,'Leo Bernabi School','261001060003',382,344,6654,82,67,32),(14263,'Spencerport High School','261001060001',1345,344,6654,83,67,32),(14264,'Terry Taylor Elementary School','261001060006',431,344,6654,82,67,32),(14265,'William C Munn School','261001060002',343,344,6654,82,67,32),(14266,'Dewitt Road Elementary School','261901060002',475,344,6655,82,67,32),(14267,'Klem Road North Elementary School','261901060003',553,344,6655,82,67,32),(14268,'Klem Road South Elementary School','261901060013',606,344,6655,82,67,32),(14269,'Plank Road North Elementary School','261901060004',597,344,6655,82,67,32),(14270,'Plank Road South Elementary School','261901060011',482,344,6655,82,67,32),(14271,'Schlegel Road Elementary School','261901060014',464,344,6655,82,67,32),(14272,'Spry Middle School','261901060007',1047,344,6655,84,67,32),(14273,'State Road Elementary School','261901060006',563,344,6655,82,67,32),(14274,'Thomas High School','261901060015',1458,344,6655,85,67,32),(14275,'Webster-Schroeder High School','261901060009',1552,344,6655,85,67,32),(14276,'Willink Middle School','261901060010',998,344,6655,84,67,32),(14277,'Briarwood School','260803060001',136,344,6656,82,67,32),(14278,'Brookview School','260803060012',139,344,6656,82,67,32),(14279,'Colebrook School','260803060009',130,344,6656,82,67,32),(14280,'Dake Junior High School','260803060002',611,344,6656,87,67,32),(14281,'Irondequoit High School','260803060005',1326,344,6656,83,67,32),(14282,'Iroquois Middle School','260803060003',415,344,6656,82,67,32),(14283,'Listwood School','260803060014',167,344,6656,82,67,32),(14284,'Rogers Middle School','260803060004',422,344,6656,82,67,32),(14285,'Seneca School','260803060007',140,344,6656,82,67,32),(14286,'Southlawn School','260803060011',222,344,6656,82,67,32),(14287,'T J Connor Elementary School','262001040004',296,344,6657,82,67,32),(14288,'Wheatland Chili High School','262001040003',417,344,6657,85,67,32),(14289,'Amsterdam High School','270100010010',1171,345,6658,83,69,32),(14290,'Marie Curie Institute Of Engineering And Communication','270100010019',451,345,6658,82,69,32),(14291,'Raphael J Mcnulty Academy For Intern Studies & Literacy','270100010006',450,345,6658,82,69,32),(14292,'Wilbur H Lynch Literacy Academy','270100010009',839,345,6658,84,69,32),(14293,'William B Tecler Arts In Education','270100010018',495,345,6658,82,69,32),(14294,'William H Barkley Microsociety','270100010003',358,345,6658,82,69,32),(14295,'Canajoharie Middle School','270301040003',245,345,6659,84,69,32),(14296,'Canajoharie Senior High School','270301040002',348,345,6659,83,69,32),(14297,'East Hill School','270301040004',433,345,6659,82,69,32),(14298,'Fonda-Fultonville 5-8 School','270601040003',422,345,6660,84,67,32),(14299,'Fonda-Fultonville K-4 School','270601040001',549,345,6660,82,67,32),(14300,'Fonda-Fultonville Senior High School','270601040002',455,345,6660,83,67,32),(14301,'Fort Plain Junior-Senior High School','270701040003',387,345,6661,85,69,32),(14302,'Harry Hoag School','270701040001',499,345,6661,82,69,32),(14303,'David H Robbins Elementary School','271102040003',253,345,6662,82,69,32),(14304,'Saint Johnsville Junior-Senior High School','271102040004',205,345,6662,85,69,32),(14305,'Academy Charter School','280201860934',257,346,6389,82,65,31),(14306,'Evergreen Charter School','280201860947',149,346,6389,82,65,31),(14307,'Roosevelt Children\'S Academy Charter School','280208860024',703,346,6389,82,65,31),(14308,'Baldwin Middle School','280210030012',1269,346,6663,84,68,32),(14309,'Baldwin Senior High School','280210030013',1739,346,6663,83,68,32),(14310,'Brookside Elementary School','280210030001',209,346,6663,82,68,32),(14311,'Lenox Elementary School','280210030004',278,346,6663,82,68,32),(14312,'Meadow Elementary School','280210030005',650,346,6663,82,68,32),(14313,'Milburn Elementary School','280210030006',152,346,6663,82,68,32),(14314,'Plaza Elementary School','280210030007',476,346,6663,82,68,32),(14315,'Shubert Elementary School','280210030009',174,346,6663,82,68,32),(14316,'Steele Elementary School','280210030010',250,346,6663,82,68,32),(14317,'Reinhard Early Childhood Center','280207020004',497,346,6664,82,68,32),(14318,'Shore Road School','280207020002',352,346,6664,82,68,32),(14319,'Winthrop Avenue School','280207020003',324,346,6664,82,68,32),(14320,'Grand Avenue Middle School','280253070002',1018,346,6665,87,68,32),(14321,'John F Kennedy High School','280253070007',1278,346,6665,83,68,32),(14322,'Merrick Avenue Middle School','280253070004',942,346,6665,87,68,32),(14323,'Sanford H Calhoun High School','280253070005',1438,346,6665,83,68,32),(14324,'Wellington C Mepham High School','280253070006',1330,346,6665,83,68,32),(14325,'Bethpage Senior High School','280521030006',996,346,6666,83,68,32),(14326,'Central Boulevard Elementary School','280521030002',524,346,6666,82,68,32),(14327,'Charles Campagne School','280521030003',422,346,6666,82,68,32),(14328,'John F Kennedy Middle School','280521030008',729,346,6666,84,68,32),(14329,'Kramer Lane Elementary School','280521030004',352,346,6666,82,68,32),(14330,'Carle Place Middle Senior High School','280411030003',674,346,6667,85,68,32),(14331,'Cherry Lane School','280411030001',297,346,6667,82,68,32),(14332,'Rushmore Avenue School','280411030002',449,346,6667,82,68,32),(14333,'Barnum Woods School','280203030001',745,346,6668,82,68,32),(14334,'Bowling Green School','280203030002',728,346,6668,82,68,32),(14335,'Clarke Middle School','280203030008',571,346,6668,84,68,32),(14336,'East Meadow High School','280203030011',1642,346,6668,83,68,32),(14337,'Mcvey Elementary School','280203030003',659,346,6668,82,68,32),(14338,'Meadowbrook Elementary School','280203030012',424,346,6668,82,68,32),(14339,'Parkway School','280203030006',539,346,6668,82,68,32),(14340,'W Tresper Clarke High School','280203030010',828,346,6668,83,68,32),(14341,'Woodland Middle School','280203030009',1202,346,6668,84,68,32),(14342,'Centre Avenue Elementary School','280219030004',351,346,6669,82,67,32),(14343,'East Rockaway Junior-Senior High School','280219030002',611,346,6669,85,67,32),(14344,'Rhame Avenue Elementary School','280219030001',324,346,6669,82,67,32),(14345,'North Side School','280402030001',604,346,6670,82,68,32),(14346,'Wheatley School','280402030003',788,346,6670,85,68,32),(14347,'Willets Road School','280402030002',415,346,6670,84,68,32),(14348,'Alden Terrace School','280216020001',426,346,6671,82,67,32),(14349,'Clara H Carlson School','280216020002',872,346,6671,82,67,32),(14350,'Covert Avenue School','280216020003',727,346,6671,82,67,32),(14351,'Dutch Broadway School','280216020004',914,346,6671,82,67,32),(14352,'Gotham Avenue School','280216020006',643,346,6671,82,67,32),(14353,'Stewart Manor School','280216020007',393,346,6671,82,67,32),(14354,'Albany Avenue Elementary School','280522030001',671,346,6672,82,67,32),(14355,'Farmingdale Senior High School','280522030009',1977,346,6672,83,67,32),(14356,'Howitt School','280522030008',1455,346,6672,84,67,32),(14357,'Northside Elementary School','280522030004',506,346,6672,82,67,32),(14358,'Saltzman East Memorial Elementary School','280522030002',597,346,6672,82,67,32),(14359,'Woodward Parkway Elementary School','280522030006',882,346,6672,82,67,32),(14360,'Floral Park Bellerose School','280222020001',959,346,6673,82,68,32),(14361,'John Lewis Childs School','280222020002',681,346,6673,82,68,32),(14362,'John Street School','280217020001',455,346,6674,82,68,32),(14363,'Polk Street School','280217020003',690,346,6674,82,68,32),(14364,'Washington Street School','280217020004',762,346,6674,82,68,32),(14365,'Archer Street School','280209030001',511,346,6675,82,66,32),(14366,'Bayview Avenue School','280209030002',548,346,6675,82,66,32),(14367,'Caroline G Atkinson School','280209030003',957,346,6675,82,66,32),(14368,'Columbus Avenue School','280209030004',530,346,6675,82,66,32),(14369,'Freeport High School','280209030007',2135,346,6675,83,66,32),(14370,'John W Dodd Middle School','280209030006',925,346,6675,87,66,32),(14371,'Leo F Giblyn School','280209030005',519,346,6675,82,66,32),(14372,'New Visions Elementary School','280209030009',462,346,6675,82,66,32),(14373,'Garden City High School','280218030007',1168,346,6676,83,68,32),(14374,'Garden City Middle School','280218030006',1046,346,6676,84,68,32),(14375,'Hemlock School','280218030001',197,346,6676,82,68,32),(14376,'Homestead School','280218030002',245,346,6676,82,68,32),(14377,'Locust School','280218030003',152,346,6676,82,68,32),(14378,'Stewart School','280218030005',583,346,6676,82,68,32),(14379,'Stratford Avenue School','280218030004',701,346,6676,82,68,32),(14380,'Connolly School','280100010003',395,346,6677,82,67,32),(14381,'Deasy School','280100010001',465,346,6677,82,67,32),(14382,'Glen Cove High School','280100010007',965,346,6677,83,67,32),(14383,'Gribbin School','280100010004',327,346,6677,82,67,32),(14384,'Landing School','280100010005',318,346,6677,82,67,32),(14385,'Robert M Finley Middle School','280100010008',650,346,6677,84,67,32),(14386,'E M Baker School','280407030006',560,346,6678,82,68,32),(14387,'Early Childhood Center','280407030009',231,346,6678,88,68,32),(14388,'Great Neck North High School','280407030015',971,346,6678,83,68,32),(14389,'Great Neck North Middle School','280407030012',726,346,6678,84,68,32),(14390,'Great Neck South High School','280407030014',1342,346,6678,83,68,32),(14391,'Great Neck South Middle School','280407030013',786,346,6678,84,68,32),(14392,'John F Kennedy School','280407030007',479,346,6678,82,68,32),(14393,'Lakeville Elementary School','280407030008',904,346,6678,82,68,32),(14394,'Saddle Rock School','280407030010',540,346,6678,82,68,32),(14395,'Village School','280407030016',39,346,6678,85,68,32),(14396,'Alverta B Gray Schultz Middle School','280201030010',1202,346,6679,84,66,32),(14397,'Barack Obama Elementary School','280201030004',485,346,6679,82,66,32),(14398,'College Preparatory Academy For Business And Law','280201030012',150,346,6679,83,71,32),(14399,'College Preparatory Academy For Mathematics And Science','280201030013',125,346,6679,83,71,32),(14400,'College Preparatory Academy For Music And Art','280201030014',122,346,6679,83,71,32),(14401,'Franklin School','280201030001',705,346,6679,82,66,32),(14402,'Fulton School','280201030002',421,346,6679,82,66,32),(14403,'Hempstead Early Childhood Center','280201030011',581,346,6679,82,66,32),(14404,'Hempstead High School','280201030007',1666,346,6679,83,66,32),(14405,'Jackson Annex School','280201030009',468,346,6679,82,66,32),(14406,'Jackson Main Elementary School','280201030003',390,346,6679,82,66,32),(14407,'Marshall School','280201030008',225,346,6679,82,66,32),(14408,'Center Street School','280409030001',487,346,6680,82,68,32),(14409,'Denton Avenue School','280409030002',562,346,6680,82,68,32),(14410,'Herricks High School','280409030008',1415,346,6680,83,68,32),(14411,'Herricks Middle School','280409030007',989,346,6680,84,68,32),(14412,'Searingtown School','280409030004',566,346,6680,82,68,32),(14413,'Franklin Early Childhood Center','280214030001',467,346,6681,82,68,32),(14414,'George W Hewlett High School','280214030007',1070,346,6681,83,68,32),(14415,'Hewlett Elementary School','280214030002',447,346,6681,82,68,32),(14416,'Ogden Elementary School','280214030003',376,346,6681,82,68,32),(14417,'Woodmere Middle School','280214030006',674,346,6681,84,68,32),(14418,'Burns Avenue School','280517030001',283,346,6682,82,67,32),(14419,'Dutch Lane School','280517030002',259,346,6682,82,67,32),(14420,'East Street School','280517030013',375,346,6682,82,67,32),(14421,'Fork Lane School','280517030004',276,346,6682,82,67,32),(14422,'Hicksville High School','280517030010',1768,346,6682,83,67,32),(14423,'Hicksville Middle School','280517030011',1234,346,6682,84,67,32),(14424,'Lee Avenue School','280517030005',474,346,6682,82,67,32),(14425,'Old Country Road School','280517030006',336,346,6682,82,67,32),(14426,'Woodland Avenue School','280517030008',353,346,6682,82,68,32),(14427,'Francis X Hegarty Elementary School','280231020003',378,346,6683,82,67,32),(14428,'Island Park Lincoln Orens Middle School','280231020001',310,346,6683,84,67,32),(14429,'Island Trees High School','280226030006',876,346,6684,83,67,32),(14430,'Island Trees Middle School','280226030002',798,346,6684,84,67,32),(14431,'J Fred Sparke School','280226030004',329,346,6684,82,67,32),(14432,'Michael F Stokes School','280226030003',554,346,6684,82,67,32),(14433,'Cantiague Elementary School','280515030001',376,346,6685,82,68,32),(14434,'George A Jackson School','280515030002',376,346,6685,82,68,32),(14435,'Jericho Middle School','280515030006',737,346,6685,84,68,32),(14436,'Jericho Senior High School','280515030005',1199,346,6685,83,68,32),(14437,'Robert Seaman Elementary School','280515030003',309,346,6685,82,68,32),(14438,'2 School','280215030002',441,346,6686,82,67,32),(14439,'4 School','280215030004',380,346,6686,82,67,32),(14440,'5 School','280215030005',368,346,6686,82,67,32),(14441,'Lawrence Middle School','280215030008',891,346,6686,84,67,32),(14442,'Lawrence Senior High School','280215030007',998,346,6686,83,67,32),(14443,'Abbey Lane School','280205030002',637,346,6687,82,67,32),(14444,'Division Avenue Senior High School','280205030015',1137,346,6687,83,67,32),(14445,'East Broadway School','280205030001',725,346,6687,82,67,32),(14446,'Gardiners Avenue School','280205030005',543,346,6687,82,67,32),(14447,'Gen Douglas Macarthur Senior High School','280205030016',1457,346,6687,83,67,32),(14448,'Jonas E Salk Middle School','280205030013',995,346,6687,84,67,32),(14449,'Lee Road School','280205030006',305,346,6687,82,67,32),(14450,'Northside School','280205030011',558,346,6687,82,67,32),(14451,'Summit Lane School','280205030009',422,346,6687,82,67,32),(14452,'Wisdom Lane Middle School','280205030010',772,346,6687,84,67,32),(14453,'Bayville Elementary School','280503060001',432,346,6688,82,68,32),(14454,'Locust Valley Elementary School','280503060004',526,346,6688,82,68,32),(14455,'Locust Valley High School','280503060003',671,346,6688,83,68,32),(14456,'Locust Valley Middle School','280503060002',538,346,6688,84,68,32),(14457,'Blackheath Road Pre-Kindergarten Center','280300010009',231,346,6689,88,67,32),(14458,'East Elementary School','280300010002',339,346,6689,82,67,32),(14459,'Lido Elementary School','280300010003',435,346,6689,82,67,32),(14460,'Lindell Boulevard School','280300010005',413,346,6689,82,67,32),(14461,'Long Beach Middle School','280300010006',901,346,6689,84,67,32),(14462,'Long Beach Senior High School','280300010008',1328,346,6689,83,67,32),(14463,'West Elementary School','280300010004',382,346,6689,82,67,32),(14464,'Kindergarten Center','280220030001',189,346,6690,82,68,32),(14465,'Lynbrook North Middle School','280220030005',253,346,6690,84,68,32),(14466,'Lynbrook Senior High School','280220030007',982,346,6690,83,68,32),(14467,'Lynbrook South Middle School','280220030006',416,346,6690,84,68,32),(14468,'Marion Street School','280220030002',439,346,6690,82,68,32),(14469,'Waverly Park School','280220030003',210,346,6690,82,68,32),(14470,'West End School','280220030004',406,346,6690,82,68,32),(14471,'Davison Avenue Intermediate School','280212030001',273,346,6691,82,67,32),(14472,'Howard T Herber Middle School','280212030006',513,346,6691,84,67,32),(14473,'Malverne Senior High School','280212030005',586,346,6691,83,67,32),(14474,'Maurice W Downing Primary School','280212030002',371,346,6691,82,67,32),(14475,'Manhasset Middle School','280406030005',530,346,6692,87,68,32),(14476,'Manhasset Secondary School','280406030002',922,346,6692,83,68,32),(14477,'Munsey Park Elementary School','280406030003',942,346,6692,82,68,32),(14478,'Shelter Rock Elementary School','280406030004',772,346,6692,82,68,32),(14479,'Berner Middle School','280523030010',1318,346,6693,87,68,32),(14480,'Birch Lane Elementary School','280523030001',860,346,6693,82,68,32),(14481,'East Lake Elementary School','280523030003',660,346,6693,82,68,32),(14482,'Fairfield Elementary School','280523030004',695,346,6693,82,68,32),(14483,'Lockhart Elementary School','280523030006',516,346,6693,82,68,32),(14484,'Massapequa High School','280523030011',1983,346,6693,83,68,32),(14485,'Mckenna Elementary School','280523030012',600,346,6693,82,68,32),(14486,'Mhs Ames Campus','280523030014',650,346,6693,83,68,32),(14487,'Unqua Elementary School','280523030007',714,346,6693,82,68,32),(14488,'Birch School','280225020001',552,346,6694,82,68,32),(14489,'Chatterton School','280225020003',474,346,6694,82,68,32),(14490,'Norman J Levy Lakeside School','280225020002',647,346,6694,82,68,32),(14491,'Cross Street School','280410030001',216,346,6695,82,68,32),(14492,'Hampton Street School','280410030002',186,346,6695,82,68,32),(14493,'Jackson Avenue School','280410030003',435,346,6695,82,68,32),(14494,'Meadow Drive School','280410030004',195,346,6695,82,68,32),(14495,'Mineola High School','280410030006',835,346,6695,83,68,32),(14496,'Mineola Middle School','280410030007',580,346,6695,84,68,32),(14497,'Willis Avenue School','280410030008',360,346,6695,82,68,32),(14498,'Garden City Park School','280405020001',298,346,6696,82,68,32),(14499,'Hillside Grade School','280405020003',465,346,6696,82,68,32),(14500,'Manor Oaks William Bowie School','280405020004',361,346,6696,82,68,32),(14501,'New Hyde Park Road School','280405020002',483,346,6696,82,68,32),(14502,'Jacob Gunther Elementary School','280204020001',223,346,6697,82,68,32),(14503,'John G Dinkelmeyer School','280204020006',343,346,6697,82,68,32),(14504,'Martin Avenue Elementary School','280204020007',305,346,6697,82,68,32),(14505,'Newbridge Road School','280204020003',386,346,6697,82,68,32),(14506,'Park Avenue School','280204020004',337,346,6697,82,68,32),(14507,'Saw Mill Road School','280204020005',497,346,6697,82,68,32),(14508,'Camp Avenue School','280229020001',526,346,6698,82,68,32),(14509,'Harold D Fayette School','280229020002',299,346,6698,82,68,32),(14510,'Old Mill Road School','280229020003',484,346,6698,82,68,32),(14511,'Glen Head Elementary School','280501060001',456,346,6699,82,68,32),(14512,'Glenwood Landing Elementary School','280501060002',398,346,6699,82,68,32),(14513,'North Shore Middle School','280501060005',739,346,6699,84,68,32),(14514,'North Shore Senior High School','280501060004',865,346,6699,83,68,32),(14515,'Sea Cliff Elementary School','280501060003',394,346,6699,82,68,32),(14516,'Castleton Academy High School Of Oceanside','280211030011',54,346,6700,83,68,32),(14517,'School 2','280211030002',439,346,6700,82,68,32),(14518,'School 3','280211030003',506,346,6700,82,68,32),(14519,'School 4','280211030004',322,346,6700,82,68,32),(14520,'School 5','280211030005',561,346,6700,82,68,32),(14521,'School 6-Kindergarten Center','280211030016',386,346,6700,82,68,32),(14522,'School 7-Oceanside Senior High School','280211030010',1972,346,6700,83,68,32),(14523,'School 8','280211030008',481,346,6700,82,68,32),(14524,'School 9e-Boardman Elem School','280211030007',305,346,6700,82,68,32),(14525,'School 9m-Oceanside Middle School','280211030009',918,346,6700,87,68,32),(14526,'Oyster Bay High School','280506060002',713,346,6701,85,68,32),(14527,'Theodore Roosevelt School','280506060003',393,346,6701,82,68,32),(14528,'Vernon School','280506060005',533,346,6701,82,68,32),(14529,'Charles E Schwarting School','280518030006',523,346,6702,82,68,32),(14530,'Eastplain School','280518030002',418,346,6702,82,68,32),(14531,'John H West School','280518030003',526,346,6702,82,68,32),(14532,'Plainedge Middle School','280518030001',831,346,6702,84,68,32),(14533,'Plainedge Senior High School','280518030009',1057,346,6702,83,68,32),(14534,'H B Mattlin Middle School','280504060006',761,346,6703,84,68,32),(14535,'Old Bethpage School','280504060012',369,346,6703,82,68,32),(14536,'Parkway School','280504060004',353,346,6703,82,68,32),(14537,'Pasadena Elementary School','280504060001',327,346,6703,82,68,32),(14538,'Plainview-Old Bethpage Kindergarten Center','280504060016',350,346,6703,82,68,32),(14539,'Plainview-Old Bethpage Middle School','280504060014',816,346,6703,84,68,32),(14540,'Plainview-Old Bethpage/Jfk High School','280504060010',1572,346,6703,83,68,32),(14541,'Stratford Road School','280504060015',412,346,6703,82,68,32),(14542,'Carrie Palmer Weber Middle School','280404030008',1110,346,6704,84,68,32),(14543,'Guggenheim Elementary School','280404030002',511,346,6704,82,68,32),(14544,'John J Daly Elementary School','280404030005',436,346,6704,82,68,32),(14545,'John Philip Sousa Elementary School','280404030007',557,346,6704,82,68,32),(14546,'Manorhaven Elementary School','280404030004',391,346,6704,82,68,32),(14547,'Paul D Schreiber Senior High School','280404030009',1576,346,6704,83,68,32),(14548,'South Salem Elementary School','280404030006',413,346,6704,82,68,32),(14549,'Hewitt School','280221030005',446,346,6705,82,68,32),(14550,'Riverside School','280221030004',164,346,6705,82,68,32),(14551,'South Side High School','280221030001',1114,346,6705,83,68,32),(14552,'South Side Middle School','280221030002',844,346,6705,84,68,32),(14553,'Watson School','280221030003',264,346,6705,82,68,32),(14554,'William S Covert School','280221030006',316,346,6705,82,68,32),(14555,'Wilson School','280221030008',392,346,6705,82,68,32),(14556,'Centennial Avenue Elementary School','280208030002',460,346,6706,82,66,32),(14557,'Roosevelt High School','280208030005',755,346,6706,83,66,32),(14558,'Roosevelt Middle School','280208030009',630,346,6706,84,66,32),(14559,'Ulysses Byas Elementary School','280208030003',409,346,6706,82,66,32),(14560,'Washington Rose School','280208030004',575,346,6706,82,66,32),(14561,'East Hills Elementary School','280403030004',539,346,6707,82,68,32),(14562,'Harbor Hill School','280403030007',554,346,6707,82,68,32),(14563,'Roslyn Heights Elementary School','280403030006',390,346,6707,82,68,32),(14564,'Roslyn High School','280403030008',1100,346,6707,85,68,32),(14565,'Roslyn Middle School','280403030009',772,346,6707,84,68,32),(14566,'Seaford Harbor School','280206030003',591,346,6708,82,68,32),(14567,'Seaford Manor School','280206030004',511,346,6708,82,68,32),(14568,'Seaford Middle School','280206030005',637,346,6708,84,68,32),(14569,'Seaford Senior High School','280206030006',843,346,6708,83,68,32),(14570,'Elmont Memorial High School','280252070002',1928,346,6709,85,68,32),(14571,'Floral Park Memorial High School','280252070003',1394,346,6709,85,68,32),(14572,'H Frank Carey High School','280252070004',1877,346,6709,85,68,32),(14573,'New Hyde Park Memorial High School','280252070005',1764,346,6709,85,68,32),(14574,'Sewanhaka High School','280252070006',1565,346,6709,85,68,32),(14575,'Baylis Elementary School','280502060004',419,346,6710,82,68,32),(14576,'Berry Hill Elementary School','280502060003',415,346,6710,82,68,32),(14577,'H B Thompson Middle School','280502060011',824,346,6710,84,68,32),(14578,'Robbins Lane Elementary School','280502060006',494,346,6710,82,68,32),(14579,'South Grove Elementary School','280502060007',418,346,6710,82,68,32),(14580,'South Woods Middle School','280502060012',751,346,6710,84,68,32),(14581,'Syosset Senior High School','280502060014',2243,346,6710,83,68,32),(14582,'Village Elementary School','280502060010',413,346,6710,82,68,32),(14583,'Walt Whitman Elementary School','280502060001',312,346,6710,82,68,32),(14584,'Willits Elementary School','280502060002',315,346,6710,82,68,32),(14585,'California Avenue Elementary School','280202030003',702,346,6711,82,66,32),(14586,'Grand Avenue Elementary School','280202030004',294,346,6711,82,66,32),(14587,'Lawrence Road Middle School','280202030008',711,346,6711,84,66,32),(14588,'Northern Parkway Elementary School','280202030005',766,346,6711,82,66,32),(14589,'Smith Street Elementary School','280202030006',473,346,6711,82,66,32),(14590,'Turtle Hook Middle School','280202030009',723,346,6711,84,66,32),(14591,'Uniondale High School','280202030010',2016,346,6711,83,66,32),(14592,'Walnut Street Elementary School','280202030007',562,346,6711,82,66,32),(14593,'Howell Road School','280213020002',559,346,6712,82,67,32),(14594,'James A Dever School','280213020001',510,346,6712,82,67,32),(14595,'Wheeler Avenue School','280213020003',588,346,6712,82,67,32),(14596,'Willow Road School','280213020004',465,346,6712,82,67,32),(14597,'Brooklyn Avenue School','280224020001',326,346,6713,82,67,32),(14598,'Robert W Carbonaro School','280224020003',423,346,6713,82,67,32),(14599,'William L Buck School','280224020004',312,346,6713,82,67,32),(14600,'Clearstream Avenue School','280230020001',442,346,6714,82,67,32),(14601,'Forest Road School','280230020002',315,346,6714,82,67,32),(14602,'Shaw Avenue School','280230020003',683,346,6714,82,67,32),(14603,'Valley Stream Central High School','280251070004',1068,346,6715,83,68,32),(14604,'Valley Stream Memorial Junior High School','280251070001',1014,346,6715,87,68,32),(14605,'Valley Stream North High School','280251070002',1220,346,6715,85,68,32),(14606,'Valley Stream South High School','280251070003',1390,346,6715,85,68,32),(14607,'Forest Lake School','280223030001',387,346,6716,82,68,32),(14608,'Mandalay School','280223030002',302,346,6716,82,68,32),(14609,'Wantagh Middle School','280223030006',907,346,6716,84,68,32),(14610,'Wantagh School','280223030004',744,346,6716,82,68,32),(14611,'Wantagh Senior High School','280223030005',1167,346,6716,83,68,32),(14612,'Chestnut Street School','280227030003',137,346,6717,82,67,32),(14613,'Cornwell Avenue School','280227030002',362,346,6717,82,67,32),(14614,'George Washington School','280227030006',379,346,6717,82,67,32),(14615,'West Hempstead High School','280227030005',903,346,6717,83,67,32),(14616,'West Hempstead Middle School','280227030004',458,346,6717,84,67,32),(14617,'Drexel Avenue School','280401030002',481,346,6718,82,66,32),(14618,'Dryden Street School','280401030003',638,346,6718,82,66,32),(14619,'Park Avenue School','280401030001',725,346,6718,82,66,32),(14620,'Powells Lane School','280401030005',492,346,6718,82,66,32),(14621,'Westbury High School','280401030007',1210,346,6718,83,66,32),(14622,'Westbury Middle School','280401030006',869,346,6718,84,66,32),(14623,'Niagara Charter School','400701860890',350,347,6389,82,65,31),(14624,'Barker Junior/Senior High School','401301040003',337,347,6719,83,67,32),(14625,'Barker Middle School','401301040004',292,347,6719,84,67,32),(14626,'Pratt Elementary School','401301040002',342,347,6719,82,67,32),(14627,'Intermediate Education Center','400301060003',474,347,6720,82,67,32),(14628,'Lewiston Porter Middle School','400301060005',515,347,6720,84,67,32),(14629,'Lewiston Porter Senior High School','400301060006',779,347,6720,83,67,32),(14630,'Primary Education Center','400301060002',541,347,6720,82,67,32),(14631,'Anna Merritt Elementary School','400400010001',399,347,6721,82,67,32),(14632,'Charles A Upson Elementary School','400400010002',544,347,6721,82,67,32),(14633,'Emmet Belknap Intermediate School','400400010009',589,347,6721,84,67,32),(14634,'George Southard Elementary School','400400010005',584,347,6721,82,67,32),(14635,'John E Pound Early Childhood Center','400400010006',111,347,6721,88,67,32),(14636,'Lockport High School','400400010011',1649,347,6721,83,67,32),(14637,'North Park Junior High School','400400010010',569,347,6721,84,67,32),(14638,'Roy Kelley Elementary School','400400010007',400,347,6721,82,67,32),(14639,'Washington Hunt School','400400010008',313,347,6721,82,67,32),(14640,'Newfane Early Childhood Center','400601060001',159,347,6722,82,67,32),(14641,'Newfane Elementary School','400601060002',379,347,6722,82,67,32),(14642,'Newfane Intermediate School','400601060009',299,347,6722,82,67,32),(14643,'Newfane Middle School','400601060008',450,347,6722,84,67,32),(14644,'Newfane Senior High School','400601060006',656,347,6722,83,67,32),(14645,'Cataract Elementary School','400800010042',463,347,6723,82,66,32),(14646,'Gaskill Preparatory School','400800010040',504,347,6723,87,66,32),(14647,'Geraldine J Mann School','400800010012',460,347,6723,82,66,32),(14648,'Harry F Abate Elementary School','400800010031',663,347,6723,82,66,32),(14649,'Henry J Kalfas Magnet School','400800010015',461,347,6723,82,66,32),(14650,'Hyde Park School','400800010020',433,347,6723,82,66,32),(14651,'Lasalle Preparatory School','400800010041',498,347,6723,87,66,32),(14652,'Maple Avenue School','400800010021',399,347,6723,82,66,32),(14653,'Niagara Falls High School','400800010034',2217,347,6723,83,66,32),(14654,'Niagara Street School','400800010022',678,347,6723,82,66,32),(14655,'Seventy Ninth Street School','400800010010',459,347,6723,82,66,32),(14656,'Colonial Village Elementary School','400701060004',514,347,6724,82,67,32),(14657,'Edward Town Middle School','400701060009',894,347,6724,84,67,32),(14658,'Errick Road Elementary School','400701060005',687,347,6724,82,67,32),(14659,'Niagara-Wheatfield Senior High School','400701060010',1350,347,6724,83,67,32),(14660,'Tuscarora Elementary School','400701060003',121,347,6724,82,67,32),(14661,'West Street Elementary School','400701060002',516,347,6724,82,67,32),(14662,'Drake School','400900010003',339,347,6725,82,67,32),(14663,'Gilmore School','400900010004',331,347,6725,82,67,32),(14664,'Meadow School','400900010007',488,347,6725,82,67,32),(14665,'North Tonawanda High School','400900010011',1307,347,6725,83,67,32),(14666,'North Tonawanda Middle School','400900010012',561,347,6725,87,67,32),(14667,'Ohio Elementary School','400900010008',465,347,6725,82,67,32),(14668,'Spruce School','400900010009',443,347,6725,82,67,32),(14669,'Royalton-Hartland Elementary School','401201060001',595,347,6726,82,67,32),(14670,'Royalton-Hartland High School','401201060003',485,347,6726,83,67,32),(14671,'Royalton-Hartland Middle School','401201060004',452,347,6726,84,67,32),(14672,'Fricano Primary School','401001060003',617,347,6727,82,67,32),(14673,'Regan Intermediate School','401001060002',567,347,6727,82,67,32),(14674,'Starpoint High School','401001060001',934,347,6727,83,67,32),(14675,'Starpoint Middle School','401001060004',670,347,6727,84,67,32),(14676,'Thomas Marks Elementary School','401501060002',332,347,6728,82,67,32),(14677,'W H Stevenson Elementary School','401501060001',250,347,6728,82,67,32),(14678,'Wilson High School','401501060003',783,347,6728,85,67,32),(14679,'Adirondack High School','410401060005',450,348,6729,83,69,32),(14680,'Adirondack Middle School','410401060001',300,348,6729,84,69,32),(14681,'Boonville Elementary School','410401060004',373,348,6729,82,69,32),(14682,'Forestport Elementary School','410401060003',100,348,6729,82,69,32),(14683,'West Leyden Elementary School','410401060002',156,348,6729,82,69,32),(14684,'Annsville Area School','410601040004',199,348,6730,82,69,32),(14685,'Camden Elementary School','410601040007',450,348,6730,82,69,32),(14686,'Camden Middle School','410601040010',574,348,6730,84,69,32),(14687,'Camden Senior High School','410601040006',789,348,6730,83,69,32),(14688,'Mcconnellsville Elementary School','410601040002',252,348,6730,82,69,32),(14689,'North Bay Area School','410601040003',155,348,6730,82,69,32),(14690,'Clinton Elementary School','411101060001',589,348,6731,82,67,32),(14691,'Clinton Middle School','411101060004',322,348,6731,84,67,32),(14692,'Clinton Senior High School','411101060005',489,348,6731,83,67,32),(14693,'General William Floyd Elementary School','412201060005',353,348,6732,82,67,32),(14694,'Holland Patent Central High School','412201060006',545,348,6732,83,67,32),(14695,'Holland Patent Elementary School','412201060003',334,348,6732,82,67,32),(14696,'Holland Patent Middle School','412201060001',388,348,6732,84,67,32),(14697,'Hughes Elementary School','411501060003',503,348,6733,82,68,32),(14698,'Myles Elementary School','411501060005',340,348,6733,82,68,32),(14699,'New Hartford Senior High School','411501060001',625,348,6733,83,68,32),(14700,'Perry Junior High School','411501060006',661,348,6733,87,68,32),(14701,'Robert L Bradley Elementary School','411501060004',504,348,6733,82,68,32),(14702,'New York Mills Elementary School','411504020003',322,348,6734,82,67,32),(14703,'New York Mills Junior-Senior High School','411504020001',253,348,6734,85,67,32),(14704,'N A Walbran Elementary School','412901040002',372,348,6735,82,67,32),(14705,'Oriskany Junior-Senior High School','412901040003',333,348,6735,85,67,32),(14706,'Remsen Elementary School','411701040001',242,348,6736,82,69,32),(14707,'Remsen Junior-Senior High School','411701040002',235,348,6736,85,69,32),(14708,'Bellamy Elementary School','411800010008',462,348,6737,82,66,32),(14709,'Clough Prek Center','411800010011',232,348,6737,88,71,32),(14710,'Gansevoort Elementary School','411800010001',363,348,6737,82,66,32),(14711,'George R Staley Upper Elementary School','411800010025',793,348,6737,82,66,32),(14712,'John E Joy Elementary School','411800010015',258,348,6737,82,66,32),(14713,'Louis V Denti Elementary School','411800010023',463,348,6737,82,66,32),(14714,'Lyndon H Strough Middle School','411800010010',787,348,6737,87,66,32),(14715,'Ridge Mills Elementary School','411800010013',247,348,6737,82,66,32),(14716,'Rome Free Academy','411800010020',1612,348,6737,83,66,32),(14717,'Stokes Elementary School','411800010014',253,348,6737,82,66,32),(14718,'Sauquoit Valley Elementary School','411603040001',488,348,6738,82,67,32),(14719,'Sauquoit Valley High School','411603040003',370,348,6738,83,67,32),(14720,'Sauquoit Valley Middle School','411603040004',234,348,6738,84,67,32),(14721,'E A Mcallister Elementary School','412000050006',313,348,6739,82,67,32),(14722,'J D George Elementary School','412000050001',448,348,6739,82,67,32),(14723,'Vernon-Verona-Sherrill Middle School','412000050007',322,348,6739,87,67,32),(14724,'Vernon-Verona-Sherrill Senior High School','412000050004',699,348,6739,83,67,32),(14725,'W A Wettel Elementary School','412000050005',334,348,6739,82,67,32),(14726,'Albany Elementary School','412300010003',526,348,6740,82,66,32),(14727,'Christopher Columbus Elementary School','412300010005',719,348,6740,82,66,32),(14728,'General Herkimer Elementary School','412300010006',606,348,6740,82,66,32),(14729,'Hugh R Jones Elementary School','412300010009',459,348,6740,82,66,32),(14730,'John F Hughes Elementary School','412300010016',434,348,6740,82,66,32),(14731,'John F Kennedy Middle School','412300010022',1124,348,6740,84,66,32),(14732,'Kernan Elementary School','412300010018',615,348,6740,82,66,32),(14733,'Martin Luther King Jr Elementary School','412300010011',283,348,6740,82,66,32),(14734,'Senator James H Donovan Middle School','412300010023',1008,348,6740,84,66,32),(14735,'Thomas Jefferson Elementary School','412300010014',476,348,6740,82,66,32),(14736,'Thomas R Proctor High School','412300010024',2663,348,6740,83,66,32),(14737,'Watson Williams Elementary School','412300010012',568,348,6740,82,66,32),(14738,'Memorial Park Elementary School','411902040001',491,348,6741,82,67,32),(14739,'Waterville Jr/Sr High School','411902040003',397,348,6741,85,67,32),(14740,'Westmoreland Elementary School','412801040002',363,348,6742,82,67,32),(14741,'Westmoreland High School','412801040003',348,348,6742,83,67,32),(14742,'Westmoreland Middle School','412801040004',287,348,6742,84,67,32),(14743,'Deerfield Elementary School','412902060005',341,348,6743,82,67,32),(14744,'Harts Hill School','412902060003',357,348,6743,82,67,32),(14745,'Marcy Elementary School','412902060002',358,348,6743,82,67,32),(14746,'Parkway Middle School','412902060007',255,348,6743,87,67,32),(14747,'Westmoreland Road Elementary School','412902060009',463,348,6743,82,67,32),(14748,'Whitesboro High School','412902060008',1151,348,6743,83,67,32),(14749,'Whitesboro Middle School','412902060006',538,348,6743,87,67,32),(14750,'Southside Academy Charter School','421800860845',646,349,6389,82,65,31),(14751,'Syracuse Academy Of Science Charter School','421800860854',467,349,6389,85,65,31),(14752,'Catherine M Mcnamara Elementary School','420901060003',564,349,6744,82,67,32),(14753,'Charles W Baker High School','420901060007',1425,349,6744,83,67,32),(14754,'Donald S Ray School','420901060009',960,349,6744,87,67,32),(14755,'Harry E Elden Elementary School','420901060002',444,349,6744,82,67,32),(14756,'L Pearl Palmer Elementary School','420901060004',513,349,6744,82,67,32),(14757,'Mae E Reynolds School','420901060008',429,349,6744,82,67,32),(14758,'Theodore R Durgee Junior High School','420901060006',933,349,6744,87,67,32),(14759,'Van Buren Elementary School','420901060005',462,349,6744,82,67,32),(14760,'East Syracuse Elementary School','420401060003',345,349,6745,82,67,32),(14761,'East Syracuse-Minoa Central High School','420401060005',1157,349,6745,83,67,32),(14762,'Fremont Elementary School','420401060002',343,349,6745,82,67,32),(14763,'Minoa Elementary School','420401060009',356,349,6745,82,67,32),(14764,'Park Hill School','420401060001',209,349,6745,88,67,32),(14765,'Pine Grove Middle School','420401060010',764,349,6745,84,67,32),(14766,'Woodland Elementary School','420401060004',348,349,6745,82,67,32),(14767,'Fabius-Pompey Elementary School','420601040001',314,349,6746,82,67,32),(14768,'Fabius-Pompey Middle School High School','420601040003',473,349,6746,85,67,32),(14769,'Eagle Hill Middle School','421001060005',729,349,6747,84,68,32),(14770,'Enders Road Elementary School','421001060008',555,349,6747,82,68,32),(14771,'Fayetteville Elementary School','421001060001',501,349,6747,82,68,32),(14772,'Fayetteville-Manlius Senior High School','421001060002',1630,349,6747,83,68,32),(14773,'Mott Road Elementary School','421001060007',413,349,6747,82,68,32),(14774,'Wellwood Middle School','421001060006',690,349,6747,84,68,32),(14775,'Jamesville Elementary School','420411060002',361,349,6748,82,67,32),(14776,'Jamesville-Dewitt High School','420411060006',918,349,6748,83,67,32),(14777,'Jamesville-Dewitt Middle School','420411060005',904,349,6748,84,67,32),(14778,'Moses Dewitt Elementary School','420411060003',283,349,6748,82,67,32),(14779,'Tecumseh Elementary School','420411060004',409,349,6748,82,67,32),(14780,'Elbridge Elementary School','420501060001',377,349,6749,82,67,32),(14781,'Jordan-Elbridge High School','420501060003',472,349,6749,83,67,32),(14782,'Jordan-Elbridge Middle School','420501060004',329,349,6749,84,67,32),(14783,'Ramsdell Elementary School','420501060002',339,349,6749,82,67,32),(14784,'C Grant Grimshaw School','420807040004',388,349,6750,82,67,32),(14785,'La Fayette Junior-Senior High School','420807040003',381,349,6750,85,67,32),(14786,'Onondaga Nation School','420807040002',112,349,6750,82,67,32),(14787,'Chestnut Hill Elementary School','421501060009',334,349,6751,82,67,32),(14788,'Chestnut Hill Middle School','421501060002',330,349,6751,87,67,32),(14789,'Donlin Drive Elementary School','421501060016',402,349,6751,82,67,32),(14790,'Elmcrest Elementary School','421501060004',529,349,6751,82,67,32),(14791,'Liverpool Elementary School','421501060010',303,349,6751,82,67,32),(14792,'Liverpool High School','421501060011',2341,349,6751,83,67,32),(14793,'Liverpool Middle School','421501060005',374,349,6751,87,67,32),(14794,'Long Branch Elementary School','421501060015',443,349,6751,82,67,32),(14795,'Morgan Road Elementary School','421501060012',472,349,6751,82,67,32),(14796,'Nate Perry Elementary School','421501060001',416,349,6751,82,67,32),(14797,'Soule Road Elementary School','421501060013',458,349,6751,82,67,32),(14798,'Soule Road Middle School','421501060014',464,349,6751,87,67,32),(14799,'Willow Field Elementary School','421501060019',533,349,6751,82,67,32),(14800,'Lyncourt School','421504020001',327,349,6752,82,67,32),(14801,'C S Driver Middle School','421101060004',777,349,6753,82,67,32),(14802,'K C Heffernan Elementary School','421101060001',531,349,6753,82,67,32),(14803,'Marcellus High School','421101060003',650,349,6753,83,67,32),(14804,'Allen Road Elementary School','420303060001',433,349,6754,82,67,32),(14805,'Cicero Elementary School','420303060003',600,349,6754,82,67,32),(14806,'Cicero-North Syracuse High School','420303060014',2263,349,6754,83,67,32),(14807,'Gillette Road Middle School','420303060009',1254,349,6754,84,67,32),(14808,'Karl W Saile Bear Road Elementary School','420303060002',636,349,6754,82,67,32),(14809,'Lakeshore Road Elementary School','420303060004',579,349,6754,82,67,32),(14810,'Main Street Elementary School','420303060015',283,349,6754,88,67,32),(14811,'North Syracuse Junior High School','420303060010',1527,349,6754,87,67,32),(14812,'Roxboro Road Elementary School','420303060007',613,349,6754,82,67,32),(14813,'Roxboro Road Middle School','420303060011',974,349,6754,84,67,32),(14814,'Smith Road Elementary School','420303060008',499,349,6754,82,67,32),(14815,'Onondaga Senior High School','421201040003',448,349,6755,85,67,32),(14816,'Rockwell Elementary School','421201040001',233,349,6755,82,67,32),(14817,'Wheeler Elementary School','421201040002',267,349,6755,82,67,32),(14818,'Skaneateles Middle School','421601060005',408,349,6756,84,68,32),(14819,'Skaneateles Senior High School','421601060002',548,349,6756,83,68,32),(14820,'State Street Intermediate School','421601060004',349,349,6756,82,68,32),(14821,'Waterman Elementary School','421601060003',317,349,6756,82,68,32),(14822,'Solvay Elementary School','420702030001',395,349,6757,82,66,32),(14823,'Solvay High School','420702030004',574,349,6757,83,66,32),(14824,'Solvay Middle School','420702030007',515,349,6757,82,66,32),(14825,'Bellevue Elementary School','421800010004',427,349,6758,82,70,32),(14826,'Bellevue Middle School Academy At Shea','421800010057',283,349,6758,84,70,32),(14827,'Clary Middle School','421800010003',360,349,6758,84,70,32),(14828,'Corcoran High School','421800010033',1387,349,6758,83,70,32),(14829,'Danforth Middle School','421800010020',493,349,6758,84,70,32),(14830,'Delaware Academy','421800010041',401,349,6758,82,70,32),(14831,'Dr King Elementary School','421800010018',509,349,6758,82,70,32),(14832,'Dr Weeks Elementary School','421800010052',757,349,6758,82,70,32),(14833,'Edward Smith K-8 School','421800010008',688,349,6758,82,70,32),(14834,'Elmwood Elementary School','421800010029',373,349,6758,82,70,32),(14835,'Expeditionary Learning Middle School','421800010058',129,349,6758,84,70,32),(14836,'Fowler High School','421800010049',1154,349,6758,83,70,32),(14837,'Franklin Elementary School','421800010021',730,349,6758,82,70,32),(14838,'Frazer K-8 School','421800010022',805,349,6758,82,70,32),(14839,'Grant Middle School','421800010035',629,349,6758,84,70,32),(14840,'Henninger High School','421800010040',1683,349,6758,83,70,32),(14841,'Hughes Elementary School','421800010025',494,349,6758,82,70,32),(14842,'Huntington K-8 School','421800010015',865,349,6758,82,70,32),(14843,'Hurlbut W Smith K-8 School','421800010031',784,349,6758,82,70,32),(14844,'Institute Of Technology At Syracuse Central','421800010047',375,349,6758,83,70,32),(14845,'Lemoyne Elementary School','421800010012',402,349,6758,82,70,32),(14846,'Levy K-8 School','421800010036',77,349,6758,87,70,32),(14847,'Lincoln Middle School','421800010048',465,349,6758,84,70,32),(14848,'Mckinley-Brighton Elementary School','421800010042',499,349,6758,82,70,32),(14849,'Meachem Elementary School','421800010011',412,349,6758,82,70,32),(14850,'Nottingham High School','421800010039',1316,349,6758,83,70,32),(14851,'Porter Elementary School','421800010027',523,349,6758,82,70,32),(14852,'Prekindergarten Program','421800010054',1286,349,6758,88,70,32),(14853,'Roberts K-8 School','421800010010',621,349,6758,82,70,32),(14854,'Salem Hyde Elementary School','421800010013',469,349,6758,82,70,32),(14855,'Seymour Dual Language Academy','421800010028',448,349,6758,82,70,32),(14856,'Van Duyn Elementary School','421800010006',357,349,6758,82,70,32),(14857,'Webster Elementary School','421800010043',597,349,6758,82,70,32),(14858,'Westside Academy At Blodgett','421800010055',449,349,6758,82,70,32),(14859,'Tully Elementary School','421902040002',489,349,6759,82,67,32),(14860,'Tully Junior-Senior High School','421902040001',553,349,6759,85,67,32),(14861,'Camillus Middle School','420101060011',514,349,6760,84,67,32),(14862,'East Hill Elementary School','420101060001',455,349,6760,82,67,32),(14863,'Onondaga Road Elementary School','420101060005',327,349,6760,82,67,32),(14864,'Split Rock Elementary School','420101060006',408,349,6760,82,67,32),(14865,'Stonehedge Elementary School','420101060003',878,349,6760,82,67,32),(14866,'West Genesee Middle School','420101060008',693,349,6760,84,67,32),(14867,'West Genesee Senior High School','420101060009',1705,349,6760,83,67,32),(14868,'Cherry Road Elementary School','420701060002',282,349,6761,82,67,32),(14869,'Onondaga Hill Middle School','420701060004',592,349,6761,84,67,32),(14870,'Walberta Park Primary School','420701060003',372,349,6761,82,67,32),(14871,'Westhill High School','420701060001',626,349,6761,83,67,32),(14872,'Canandaigua Academy & Middle School','430300050002',1274,350,6762,83,67,32),(14873,'Canandaigua Elementary School','430300050001',853,350,6762,82,67,32),(14874,'Canandaigua Middle School','430300050004',894,350,6762,84,67,32),(14875,'Canandaigua Primary School','430300050003',855,350,6762,82,67,32),(14876,'Bloomfield Elementary School','430501040004',465,350,6763,82,67,32),(14877,'Bloomfield High School','430501040001',340,350,6763,83,67,32),(14878,'Bloomfield Middle School','430501040002',247,350,6763,84,67,32),(14879,'Geneva High School','430700010006',758,350,6764,83,69,32),(14880,'Geneva Middle School','430700010005',520,350,6764,84,69,32),(14881,'North Street Elementary School','430700010002',507,350,6764,82,69,32),(14882,'West Street Elementary School','430700010001',471,350,6764,82,69,32),(14883,'Gorham Elementary School','430901060002',272,350,6765,82,67,32),(14884,'Marcus Whitman High School','430901060001',466,350,6765,83,67,32),(14885,'Marcus Whitman Middle School','430901060003',292,350,6765,84,67,32),(14886,'Middlesex Valley Elementary School','430901060007',322,350,6765,82,67,32),(14887,'Honeoye Elementary School','431401040001',276,350,6766,82,67,32),(14888,'Honeoye Middle/High School','431401040002',470,350,6766,85,67,32),(14889,'Red Jacket Elementary School','431101040001',397,350,6767,82,67,32),(14890,'Red Jacket High School','431101040002',271,350,6767,83,67,32),(14891,'Red Jacket Middle School','431101040003',212,350,6767,84,67,32),(14892,'Naples Elementary School','431201040003',417,350,6768,82,67,32),(14893,'Naples High School','431201040002',430,350,6768,85,67,32),(14894,'Midlakes High School','431301060004',616,350,6769,83,67,32),(14895,'Midlakes Intermediate School','431301060003',398,350,6769,82,67,32),(14896,'Midlakes Middle School','431301060002',398,350,6769,84,67,32),(14897,'Midlakes Primary School','431301060001',376,350,6769,82,67,32),(14898,'Victor Early Childhood Center','431701060005',500,350,6770,82,67,32),(14899,'Victor Intermediate School','431701060001',990,350,6770,82,67,32),(14900,'Victor Junior High School','431701060002',644,350,6770,87,67,32),(14901,'Victor Primary School','431701060003',966,350,6770,82,67,32),(14902,'Victor Senior High School','431701060004',1252,350,6770,83,67,32),(14903,'Chester Academy-Middle/High School','440201020001',581,351,6771,85,67,32),(14904,'Chester Elementary School','440201020002',474,351,6771,82,67,32),(14905,'Cornwall Central High School','440301060003',1160,351,6772,83,67,32),(14906,'Cornwall Elementary School','440301060004',608,351,6772,82,67,32),(14907,'Cornwall Middle School','440301060005',1048,351,6772,84,67,32),(14908,'Cornwall-On-Hudson Elementary School','440301060002',261,351,6772,82,67,32),(14909,'Willow Avenue Elementary School','440301060001',380,351,6772,82,67,32),(14910,'Golden Hill Elementary','442115020002',379,351,6773,82,67,32),(14911,'S S Seward Institute','442115020001',470,351,6773,85,67,32),(14912,'C J Hooker Middle School','440601040004',640,351,6774,84,67,32),(14913,'Goshen Central High School','440601040001',991,351,6774,83,67,32),(14914,'Goshen Intermediate School','440601040005',713,351,6774,82,67,32),(14915,'Scotchtown Avenue School','440601040003',607,351,6774,82,67,32),(14916,'Greenwood Lake Elementary School','442111020002',240,351,6775,82,67,32),(14917,'Greenwood Lake Middle School','442111020001',307,351,6775,82,67,32),(14918,'Fort Montgomery Elementary School','440901040001',160,351,6776,82,67,32),(14919,'Highland Falls Intermediate School','440901040004',372,351,6776,82,67,32),(14920,'James I O\'Neill High School','440901040003',487,351,6776,83,67,32),(14921,'Kiryas Joel Village School','441202020001',164,351,6777,82,66,32),(14922,'John W Chorley School','441000010003',631,351,6778,82,66,32),(14923,'Maple Hill Elementary School','441000010015',1172,351,6778,82,66,32),(14924,'Middletown High School','441000010009',2053,351,6778,83,66,32),(14925,'Middletown Twin Towers Middle School','441000010010',798,351,6778,84,66,32),(14926,'Monhagen Middle School','441000010014',786,351,6778,84,66,32),(14927,'Truman Moon School','441000010007',434,351,6778,82,66,32),(14928,'William A Carter School','441000010006',990,351,6778,82,66,32),(14929,'Minisink Valley Elementary School','441101040002',549,351,6779,82,67,32),(14930,'Minisink Valley High School','441101040001',1505,351,6779,83,67,32),(14931,'Minisink Valley Intermediate School','441101040005',597,351,6779,82,67,32),(14932,'Minisink Valley Middle School','441101040003',1038,351,6779,84,67,32),(14933,'Otisville Elementary School','441101040004',736,351,6779,82,67,32),(14934,'Central Valley School','441201060002',649,351,6780,82,67,32),(14935,'Monroe Woodbury High School','441201060006',2434,351,6780,83,67,32),(14936,'Monroe Woodbury Middle School','441201060009',1742,351,6780,84,67,32),(14937,'North Main Street School','441201060003',613,351,6780,82,67,32),(14938,'Pine Tree Elementary School','441201060001',936,351,6780,82,67,32),(14939,'Sapphire Elementary School','441201060011',381,351,6780,82,67,32),(14940,'Smith Clove Elementary School','441201060005',620,351,6780,82,67,32),(14941,'Balmville School','441600010001',465,351,6781,82,66,32),(14942,'Fostertown Etc Magnet School','441600010004',576,351,6781,82,66,32),(14943,'Gams High Tech Magnet School','441600010006',883,351,6781,82,66,32),(14944,'Gardnertown Fundamental Magnet School','441600010005',639,351,6781,82,66,32),(14945,'Heritage Middle School','441600010003',674,351,6781,87,66,32),(14946,'Horizon-On-The-Hudson Magnet School','441600010009',452,351,6781,82,66,32),(14947,'Meadow Hill Global Explorations Magnet School','441600010021',1026,351,6781,82,66,32),(14948,'New Windsor School','441600010010',608,351,6781,82,66,32),(14949,'Newburgh Free Academy-Main Campus','441600010017',3459,351,6781,83,66,32),(14950,'Prekindergarten At Washington St','441600010002',396,351,6781,88,66,32),(14951,'South Middle School','441600010016',588,351,6781,87,66,32),(14952,'Temple Hill School','441600010020',1050,351,6781,82,66,32),(14953,'Vails Gate High Tech Magnet School','441600010012',573,351,6781,82,66,32),(14954,'West Street Elementary School','441600010022',234,351,6781,82,66,32),(14955,'Circleville Elementary School','440401060006',649,351,6782,82,67,32),(14956,'Circleville Middle School','440401060007',595,351,6782,84,67,32),(14957,'Crispell Middle School','440401060004',775,351,6782,84,67,32),(14958,'E J Russell Elementary School','440401060001',653,351,6782,82,67,32),(14959,'Pakanasink Elementary School','440401060008',472,351,6782,82,67,32),(14960,'Pine Bush Elementary School','440401060009',744,351,6782,82,67,32),(14961,'Pine Bush Senior High School','440401060005',1916,351,6782,83,67,32),(14962,'Anna S Kuhl Elementary School','441800050001',956,351,6783,82,69,32),(14963,'N A Hamilton Bicentenial School','441800050002',538,351,6783,82,69,32),(14964,'Port Jervis Middle School','441800050005',465,351,6783,87,69,32),(14965,'Port Jervis Senior High School','441800050006',998,351,6783,83,69,32),(14966,'George F Baker High School','441903020001',398,351,6784,83,68,32),(14967,'George Grant Mason Elementary School','441903020002',225,351,6784,82,68,32),(14968,'Berea Elementary School','441301060007',425,351,6785,82,67,32),(14969,'East Coldenham Elementary School','441301060001',324,351,6785,82,67,32),(14970,'Maybrook Elementary School','441301060005',238,351,6785,82,67,32),(14971,'Montgomery Elementary School','441301060002',555,351,6785,82,67,32),(14972,'Valley Central High School','441301060004',1595,351,6785,83,67,32),(14973,'Valley Central Middle School','441301060006',1152,351,6785,84,67,32),(14974,'Walden Elementary School','441301060003',521,351,6785,82,67,32),(14975,'Kings Elementary School','442101060006',378,351,6786,82,68,32),(14976,'Park Avenue Elementary School','442101060004',425,351,6786,82,68,32),(14977,'Pine Island School','442101060001',198,351,6786,82,68,32),(14978,'Sanfordville Elementary School','442101060007',625,351,6786,82,68,32),(14979,'Warwick Valley High School','442101060002',1523,351,6786,83,68,32),(14980,'Warwick Valley Middle School','442101060003',1017,351,6786,84,68,32),(14981,'Little Britain Elementary School','440102060001',548,351,6787,82,67,32),(14982,'Round Hill Elementary School','440102060005',667,351,6787,82,67,32),(14983,'Taft Elementary School','440102060002',737,351,6787,82,67,32),(14984,'Washingtonville Middle School','440102060004',1061,351,6787,84,67,32),(14985,'Washingtonville Senior High School','440102060003',1564,351,6787,83,67,32),(14986,'Carl I Bergerson Middle School','450101060005',461,352,6788,84,69,32),(14987,'Charles D\'Amico High School','450101060003',730,352,6788,83,69,32),(14988,'Ronald L Sodoma Elementary School','450101060002',996,352,6788,82,69,32),(14989,'Holley Elementary School','450704040005',642,352,6789,82,67,32),(14990,'Holley Junior Senior High School','450704040001',593,352,6789,85,67,32),(14991,'Kendall Elementary School','450607040003',405,352,6790,82,67,32),(14992,'Kendall Junior-Senior High School','450607040002',424,352,6790,85,67,32),(14993,'L A Webber Middle-High School','451001040002',319,352,6791,85,67,32),(14994,'Lyndonville Elementary School','451001040001',389,352,6791,82,67,32),(14995,'Clifford Wise Intermediate/Middle School','450801060003',416,352,6792,84,69,32),(14996,'Medina High School','450801060004',580,352,6792,83,69,32),(14997,'Oak Orchard School','450801060002',418,352,6792,82,69,32),(14998,'Warren P Towne Primary School','450801060006',456,352,6792,82,69,32),(14999,'Altmar Elementary School','460102040002',265,353,6793,82,69,32),(15000,'Altmar-Parish-Williamstown Jr/Sr High School','460102040006',459,353,6793,83,69,32),(15001,'Altmar-Parish-Williamstown Middle School','460102040005',408,353,6793,84,69,32),(15002,'Parish Elementary School','460102040003',231,353,6793,82,69,32),(15003,'Aura A Cole Elementary School','460801060001',273,353,6794,82,67,32),(15004,'Brewerton Elementary School','460801060002',467,353,6794,82,67,32),(15005,'Central Square Intermediate School','460801060003',416,353,6794,82,67,32),(15006,'Central Square Middle School','460801060008',991,353,6794,84,67,32),(15007,'Cleveland Elementary School','460801060004',218,353,6794,82,67,32),(15008,'Hastings Mallory Elementary School','460801060007',270,353,6794,82,67,32),(15009,'Millard Hawk Primary School','460801060006',367,353,6794,82,67,32),(15010,'Paul V Moore High School','460801060005',1517,353,6794,83,67,32),(15011,'Fairgrieve School','460500010001',548,353,6795,82,66,32),(15012,'Fulton Junior High School','460500010006',532,353,6795,87,66,32),(15013,'G Ray Bodley High School','460500010005',1146,353,6795,83,66,32),(15014,'Granby Elementary School','460500010007',507,353,6795,82,66,32),(15015,'J E Lanigan School','460500010008',446,353,6795,82,66,32),(15016,'Volney Elementary School','460500010011',477,353,6795,82,66,32),(15017,'Fairley School','460701040003',624,353,6796,82,69,32),(15018,'Hannibal High School','460701040002',516,353,6796,83,69,32),(15019,'Kenney Middle School','460701040001',441,353,6796,84,69,32),(15020,'Mexico Elementary School','460901060001',345,353,6797,82,67,32),(15021,'Mexico High School','460901060003',792,353,6797,83,67,32),(15022,'Mexico Middle School','460901060005',694,353,6797,84,67,32),(15023,'New Haven Elementary School','460901060004',248,353,6797,82,67,32),(15024,'Palermo Elementary School','460901060002',252,353,6797,82,67,32),(15025,'Charles E Riley Elementary School','461300010002',513,353,6798,82,67,32),(15026,'Fitzhugh Park Elementary School','461300010004',416,353,6798,82,67,32),(15027,'Kingsford Park Elementary School','461300010005',402,353,6798,82,67,32),(15028,'Leighton Elementary School','461300010003',502,353,6798,82,67,32),(15029,'Minetto Elementary School','461300010006',368,353,6798,82,67,32),(15030,'Oswego High School','461300010008',1415,353,6798,83,67,32),(15031,'Oswego Middle School','461300010007',618,353,6798,87,67,32),(15032,'Emerson J Dillon Middle School','462001060004',643,353,6799,84,67,32),(15033,'John C Birdlebough High School','462001060006',676,353,6799,83,67,32),(15034,'Michael A Maroun Elementary School','462001060001',816,353,6799,82,67,32),(15035,'Pulaski Elementary School','461801040003',549,353,6800,82,69,32),(15036,'Pulaski High School','461801040001',368,353,6800,83,69,32),(15037,'Pulaski Middle School','461801040004',252,353,6800,84,69,32),(15038,'Sandy Creek Elementary School','461901040002',402,353,6801,82,69,32),(15039,'Sandy Creek High School','461901040001',322,353,6801,83,69,32),(15040,'Sandy Creek Middle School','461901040003',195,353,6801,84,69,32),(15041,'Cherry Valley-Springfield Central School','472202040001',274,354,6802,85,67,32),(15042,'Cherry Valley-Springfield Elementary School','472202040004',295,354,6802,82,67,32),(15043,'Cooperstown Elementary School','471701040001',398,354,6803,82,67,32),(15044,'Cooperstown Junior/Senior High School','471701040003',318,354,6803,83,67,32),(15045,'Cooperstown Middle School','471701040004',245,354,6803,84,67,32),(15046,'Edmeston Central School','470501040001',477,354,6804,86,69,32),(15047,'Gilbertsville-Mount Upton Elementary School','470202040002',219,354,6805,82,69,32),(15048,'Gilbertsville-Mount Upton Junior-Senior High School','470202040003',229,354,6805,85,69,32),(15049,'Laurens Central School','470801040001',347,354,6806,86,69,32),(15050,'Milford Central School','471101040001',433,354,6807,86,69,32),(15051,'Morris Central School','471201040001',443,354,6808,86,69,32),(15052,'Center Street Elementary School','471400010006',224,354,6809,82,67,32),(15053,'Greater Plains Elementary School','471400010004',283,354,6809,82,67,32),(15054,'Oneonta Middle School','471400010007',296,354,6809,87,67,32),(15055,'Oneonta Senior High School','471400010002',630,354,6809,83,67,32),(15056,'Riverside Elementary School','471400010008',230,354,6809,82,67,32),(15057,'Valleyview Elementary School','471400010003',230,354,6809,82,67,32),(15058,'Otego Elementary School','471601040002',233,354,6810,82,69,32),(15059,'Unadilla Elementary School','471601040004',216,354,6810,82,69,32),(15060,'Unatego Junior-Senior High School','471601040005',354,354,6810,83,69,32),(15061,'Unatego Middle School','471601040006',242,354,6810,84,69,32),(15062,'Richfield Springs Central School','472001040001',556,354,6811,86,69,32),(15063,'Schenevus Central School','470901040001',369,354,6812,86,67,32),(15064,'Worcester School','472506040001',421,354,6813,86,67,32),(15065,'Brewster High School','480601060003',1203,355,6814,83,68,32),(15066,'C V Starr Intermediate School','480601060002',497,355,6814,82,68,32),(15067,'Garden Street School','480601060001',388,355,6814,82,68,32),(15068,'Henry H Wells Middle School','480601060005',853,355,6814,84,68,32),(15069,'John F Kennedy Elementary School','480601060004',480,355,6814,82,68,32),(15070,'Carmel High School','480102060005',1567,355,6815,83,67,32),(15071,'George Fischer Middle School','480102060007',1393,355,6815,84,67,32),(15072,'Kent Elementary School','480102060002',535,355,6815,82,67,32),(15073,'Kent Primary School','480102060001',471,355,6815,82,67,32),(15074,'Matthew Paterson Elementary School','480102060003',615,355,6815,82,67,32),(15075,'Garrison School','480404020001',260,355,6816,82,68,32),(15076,'Haldane Elementary/Middle School','480401040001',578,355,6817,82,68,32),(15077,'Haldane High School','480401040002',314,355,6817,83,68,32),(15078,'Austin Road Elementary School','480101060002',635,355,6818,82,68,32),(15079,'Fulmar Road Elementary School','480101060006',572,355,6818,82,68,32),(15080,'Lakeview Elementary School','480101060005',578,355,6818,82,68,32),(15081,'Mahopac Falls Elementary School','480101060007',225,355,6818,82,68,32),(15082,'Mahopac High School','480101060001',1728,355,6818,83,68,32),(15083,'Mahopac Middle School','480101060004',1211,355,6818,84,68,32),(15084,'Putnam Valley Elementary School','480503040003',620,355,6819,82,68,32),(15085,'Putnam Valley High School','480503040001',618,355,6819,83,68,32),(15086,'Putnam Valley Middle School','480503040002',581,355,6819,84,68,32),(15087,'Ark Community Charter School','491700860034',206,356,6389,82,65,31),(15088,'True North Troy Preparatory Charter School','491700860931',116,356,6389,82,65,31),(15089,'Algonquin Middle School','491302060006',812,356,6820,84,67,32),(15090,'Averill Park High School','491302060002',1130,356,6820,83,67,32),(15091,'Poestenkill Elementary School','491302060004',446,356,6820,82,67,32),(15092,'Sand Lake-Miller Hill School','491302060001',467,356,6820,82,67,32),(15093,'West Sand Lake Elementary School','491302060005',478,356,6820,82,67,32),(15094,'Berlin Elementary School','490101040001',398,356,6821,82,67,32),(15095,'Berlin High School','490101040006',270,356,6821,83,67,32),(15096,'Berlin Middle School','490101040004',198,356,6821,84,67,32),(15097,'Tamarac Elementary School','490202040003',562,356,6822,82,67,32),(15098,'Tamarac Middle School High School','490202040002',764,356,6822,85,67,32),(15099,'Bell Top School','490301060002',302,356,6823,82,67,32),(15100,'Citizen Edmond Genet School','490301060005',420,356,6823,82,67,32),(15101,'Columbia High School','490301060007',1500,356,6823,83,67,32),(15102,'Donald P Sutherland School','490301060001',317,356,6823,82,67,32),(15103,'Green Meadow School','490301060003',433,356,6823,82,67,32),(15104,'Howard L Goff School','490301060008',986,356,6823,84,67,32),(15105,'Red Mill School','490301060006',385,356,6823,82,67,32),(15106,'Hoosic Valley Elementary School','491401040001',380,356,6824,82,67,32),(15107,'Hoosic Valley Middle School','491401040003',391,356,6824,84,67,32),(15108,'Hoosic Valley Senior High School','491401040002',390,356,6824,83,67,32),(15109,'Hoosick Falls Elementary School','490501060002',614,356,6825,82,67,32),(15110,'Hoosick Falls Junior/Senior High School','490501060003',585,356,6825,85,67,32),(15111,'Knickerbacker Middle School','490601060002',551,356,6826,84,66,32),(15112,'Lansingburgh Senior High School','490601060003',804,356,6826,83,66,32),(15113,'Rensselaer Park Elementary School','490601060009',506,356,6826,82,66,32),(15114,'Turnpike Elementary School','490601060008',521,356,6826,82,66,32),(15115,'North Greenbush School','490801080001',19,356,6827,82,67,32),(15116,'Rensselaer Junior/Senior High School','491200010007',453,356,6828,85,66,32),(15117,'Van Rensselaer Elementary School','491200010006',648,356,6828,82,66,32),(15118,'Castleton Elementary School','491501040003',424,356,6829,82,67,32),(15119,'Maple Hill High School','491501040002',387,356,6829,83,67,32),(15120,'Maple Hill Middle School','491501040004',233,356,6829,84,67,32),(15121,'Carroll Hill School','491700010020',289,356,6830,82,66,32),(15122,'Ps 12','491700010012',513,356,6830,82,66,32),(15123,'Ps 14','491700010014',466,356,6830,82,66,32),(15124,'Ps 16','491700010016',301,356,6830,82,66,32),(15125,'Ps 18','491700010018',280,356,6830,82,66,32),(15126,'Ps 2','491700010002',409,356,6830,82,66,32),(15127,'Troy High School','491700010019',1328,356,6830,83,66,32),(15128,'W Kenneth Doyle Middle School','491700010021',508,356,6830,87,66,32),(15129,'Gardner-Dickinson School','490804020002',325,356,6831,82,67,32),(15130,'Bardonia Elementary School','500101060002',404,357,6832,82,68,32),(15131,'Birchwood School','500101060020',99,357,6832,85,68,32),(15132,'Clarkstown North Senior High School','500101060011',1482,357,6832,83,68,32),(15133,'Clarkstown South Senior High School','500101060019',1547,357,6832,83,68,32),(15134,'Congers Elementary School','500101060005',270,357,6832,82,68,32),(15135,'Felix Festa Achievement Middle School','500101060024',694,357,6832,87,68,32),(15136,'Felix Festa Character Middle School','500101060023',734,357,6832,87,68,32),(15137,'Felix Festa Determination Middle School','500101060022',764,357,6832,87,68,32),(15138,'Lakewood Elementary School','500101060014',360,357,6832,82,68,32),(15139,'Laurel Plains Elementary School','500101060006',370,357,6832,82,68,32),(15140,'Link Elementary School','500101060007',452,357,6832,82,68,32),(15141,'Little Tor Elementary School','500101060001',285,357,6832,82,68,32),(15142,'New City Elementary School','500101060008',386,357,6832,82,68,32),(15143,'Strawtown Elementary School','500101060016',334,357,6832,82,68,32),(15144,'West Nyack Elementary School','500101060010',347,357,6832,82,68,32),(15145,'Woodglen Elementary School','500101060015',500,357,6832,82,68,32),(15146,'Chestnut Ridge Middle School','500402060013',566,357,6833,87,66,32),(15147,'East Ramapo Early Childhood Center','500402060006',355,357,6833,82,66,32),(15148,'Eldorado Elementary School','500402060023',363,357,6833,82,66,32),(15149,'Elmwood Elementary School','500402060016',404,357,6833,82,66,32),(15150,'Fleetwood Elementary School','500402060001',497,357,6833,82,66,32),(15151,'Grandview Elementary School','500402060002',481,357,6833,82,66,32),(15152,'Hempstead Elementary School','500402060003',436,357,6833,82,66,32),(15153,'Kakiat Elementary School','500402060004',337,357,6833,82,66,32),(15154,'Lime Kiln Elementary School','500402060019',446,357,6833,82,66,32),(15155,'Margetts Elementary School','500402060005',510,357,6833,82,66,32),(15156,'Pomona Middle School','500402060015',699,357,6833,87,66,32),(15157,'Ramapo High School','500402060018',1390,357,6833,83,66,32),(15158,'Spring Valley High School','500402060014',1141,357,6833,83,66,32),(15159,'Summit Park Elementary School','500402060010',493,357,6833,82,66,32),(15160,'Fieldstone Middle School','500201060013',1257,357,6834,85,67,32),(15161,'Gerald F Neary Elementary School','500201060002',466,357,6834,82,67,32),(15162,'Haverstraw Elementary School','500201060010',563,357,6834,84,67,32),(15163,'James A Farley Elementary School','500201060008',568,357,6834,84,67,32),(15164,'North Garnerville Elementary School','500201060003',331,357,6834,82,67,32),(15165,'North Rockland High School','500201060009',2018,357,6834,83,67,32),(15166,'Stony Point Elementary School','500201060004',570,357,6834,82,67,32),(15167,'Thiells Elementary School','500201060011',755,357,6834,82,67,32),(15168,'West Haverstraw Elementary School','500201060012',677,357,6834,82,67,32),(15169,'Willow Grove Elementary School','500201060001',720,357,6834,82,67,32),(15170,'A Macarthur Barr Middle School','500108030003',702,357,6835,84,68,32),(15171,'George W Miller Elementary School','500108030002',496,357,6835,82,68,32),(15172,'Highview Elementary School','500108030001',368,357,6835,82,68,32),(15173,'Nanuet Senior High School','500108030004',733,357,6835,83,68,32),(15174,'Liberty Elementary School','500304030002',441,357,6836,82,67,32),(15175,'Nyack Middle School','500304030007',680,357,6836,84,67,32),(15176,'Nyack Senior High School','500304030006',889,357,6836,83,67,32),(15177,'Upper Nyack School','500304030004',428,357,6836,82,67,32),(15178,'Valley Cottage School','500304030005',484,357,6836,82,67,32),(15179,'Evans Park School','500308030003',341,357,6837,82,68,32),(15180,'Franklin Avenue School','500308030010',323,357,6837,82,68,32),(15181,'Lincoln Avenue School','500308030011',309,357,6837,82,68,32),(15182,'Pearl River High School','500308030008',1056,357,6837,85,68,32),(15183,'Pearl River Middle School','500308030009',620,357,6837,84,68,32),(15184,'Cherry Lane Elementary School','500401060001',472,357,6838,82,68,32),(15185,'Montebello Road School','500401060010',397,357,6838,82,68,32),(15186,'Richard P Connor Elementary School','500401060002',469,357,6838,82,68,32),(15187,'Sloatsburg Elementary School','500401060004',270,357,6838,82,68,32),(15188,'Suffern Middle School','500401060011',1144,357,6838,84,68,32),(15189,'Suffern Senior High School','500401060009',1515,357,6838,83,68,32),(15190,'Viola Elementary School','500401060012',440,357,6838,82,68,32),(15191,'Cottage Lane Elementary School','500301060009',545,357,6839,82,68,32),(15192,'South Orangetown Middle School','500301060008',843,357,6839,84,68,32),(15193,'Tappan Zee Elementary School','500301060004',488,357,6839,82,68,32),(15194,'Tappan Zee High School','500301060007',1096,357,6839,83,68,32),(15195,'William O Schaefer Elementary School','500301060006',520,357,6839,82,68,32),(15196,'Ballston Spa Middle School','521301060005',980,358,6840,84,67,32),(15197,'Ballston Spa Senior High School','521301060001',1364,358,6840,83,67,32),(15198,'Malta Avenue Elementary School','521301060002',373,358,6840,82,67,32),(15199,'Milton Terrace North Elementary School','521301060008',400,358,6840,82,67,32),(15200,'Milton Terrace South Elementary School','521301060003',521,358,6840,82,67,32),(15201,'Wood Road Elementary School','521301060006',547,358,6840,82,67,32),(15202,'Burnt Hills-Ballston Lake Senior High School','520101060006',1178,358,6841,83,68,32),(15203,'Charlton Heights Elementary School','520101060002',495,358,6841,82,68,32),(15204,'Francis L Stevens Elementary School','520101060001',449,358,6841,82,68,32),(15205,'Pashley Elementary School','520101060004',399,358,6841,82,68,32),(15206,'Richard H O\'Rourke Middle School','520101060005',787,358,6841,84,68,32),(15207,'Corinth Elementary School','520401040009',433,358,6842,82,67,32),(15208,'Corinth High School','520401040007',405,358,6842,83,67,32),(15209,'Corinth Middle School','520401040008',385,358,6842,84,67,32),(15210,'Edinburg Common School','520601080001',74,358,6843,82,67,32),(15211,'Galway Junior/Senior High School','520701040002',400,358,6844,83,67,32),(15212,'Galway Middle School','520701040003',251,358,6844,84,67,32),(15213,'Joseph Henry Elementary School','520701040001',439,358,6844,82,67,32),(15214,'Mechanicville Elementary School','521200050001',640,358,6845,82,67,32),(15215,'Mechanicville Junior/Senior High School','521200050003',410,358,6845,83,67,32),(15216,'Mechanicville Middle School','521200050004',324,358,6845,84,67,32),(15217,'Caroline Street Elementary School','521800010008',457,358,6846,82,67,32),(15218,'Division Street Elementary School','521800010009',403,358,6846,82,67,32),(15219,'Dorothy Nolan Elementary School','521800010006',886,358,6846,82,67,32),(15220,'Geyser Road Elementary School','521800010014',411,358,6846,82,67,32),(15221,'Greenfield Elementary School','521800010007',429,358,6846,82,67,32),(15222,'Lake Avenue Elementary School','521800010012',460,358,6846,82,67,32),(15223,'Maple Avenue Middle School','521800010015',1647,358,6846,84,67,32),(15224,'Saratoga Springs High School','521800010010',2119,358,6846,83,67,32),(15225,'Schuylerville Elementary School','521701040003',942,358,6847,82,67,32),(15226,'Schuylerville High School','521701040002',855,358,6847,85,67,32),(15227,'Acadia Middle School','520302060011',772,358,6848,84,67,32),(15228,'Arongen Elementary School','520302060003',674,358,6848,82,67,32),(15229,'Chango Elementary School','520302060010',493,358,6848,82,67,32),(15230,'Gowana Middle School','520302060009',796,358,6848,84,67,32),(15231,'Karigon Elementary School','520302060007',549,358,6848,82,67,32),(15232,'Koda Middle School','520302060008',750,358,6848,84,67,32),(15233,'Okte Elementary School','520302060004',522,358,6848,82,67,32),(15234,'Orenda Elementary School','520302060006',603,358,6848,82,67,32),(15235,'Shatekon Elementary School','520302060013',565,358,6848,82,67,32),(15236,'Shenendehowa High School','520302060001',3016,358,6848,83,67,32),(15237,'Skano Elementary School','520302060002',519,358,6848,82,67,32),(15238,'Tesago Elementary School','520302060005',580,358,6848,82,67,32),(15239,'Ballard Elementary School','521401040009',342,358,6849,82,67,32),(15240,'Harrison Avenue Elementary School','521401040003',323,358,6849,82,67,32),(15241,'Moreau Elementary School','521401040008',316,358,6849,82,67,32),(15242,'Oliver W Winch Middle School','521401040002',758,358,6849,84,67,32),(15243,'South Glens Falls Senior High School','521401040007',1035,358,6849,83,67,32),(15244,'Tanglewood Elementary School','521401040010',430,358,6849,82,67,32),(15245,'Stillwater Elementary School','522001040002',555,358,6850,82,67,32),(15246,'Stillwater Middle School High School','522001040003',707,358,6850,85,67,32),(15247,'Waterford Elementary School','522101030005',452,358,6851,82,67,32),(15248,'Waterford Junior-Senior High School','522101030004',397,358,6851,85,67,32),(15249,'Duanesburg Elementary School','530101040002',371,359,6852,82,67,32),(15250,'Duanesburg High School','530101040001',297,359,6852,83,67,32),(15251,'Duanesburg Middle School','530101040003',214,359,6852,84,67,32),(15252,'Birchwood Elementary School','530301060001',281,359,6853,82,68,32),(15253,'Craig Elementary School','530301060002',396,359,6853,82,68,32),(15254,'Glencliff School','530301060003',327,359,6853,82,68,32),(15255,'Hillside School','530301060004',340,359,6853,82,68,32),(15256,'Iroquois Middle School','530301060008',576,359,6853,84,68,32),(15257,'Niskayuna High School','530301060007',1414,359,6853,83,68,32),(15258,'Rosendale School','530301060005',385,359,6853,82,68,32),(15259,'Van Antwerp Middle School','530301060006',440,359,6853,84,68,32),(15260,'Draper Middle School','530515060003',725,359,6854,84,67,32),(15261,'Herman L Bradt Elementary School','530515060001',582,359,6854,82,67,32),(15262,'Mohonasen Senior High School','530515060004',1066,359,6854,83,67,32),(15263,'Pinewood Elementary School','530515060005',630,359,6854,82,67,32),(15264,'Jefferson Elementary School','530501060003',624,359,6855,82,67,32),(15265,'Mariaville Elementary School','530501060007',97,359,6855,82,67,32),(15266,'Schalmont High School','530501060006',670,359,6855,83,67,32),(15267,'Schalmont Middle School','530501060004',434,359,6855,84,67,32),(15268,'Woestina Elementary School','530501060005',112,359,6855,82,67,32),(15269,'Central Park International Magnet School','530600010034',532,359,6856,82,66,32),(15270,'Elmer Avenue School','530600010003',424,359,6856,82,66,32),(15271,'Franklin Delano Roosevelt Elementary School','530600010031',132,359,6856,82,66,32),(15272,'Fulton Early Childhood Center','530600010006',223,359,6856,82,66,32),(15273,'Hamilton Elementary School','530600010009',441,359,6856,82,66,32),(15274,'Howe Early Childhood Educational Center','530600010010',120,359,6856,82,66,32),(15275,'Jessie T Zoller School','530600010018',459,359,6856,82,66,32),(15276,'Katherine Burr Blodgett Early Child Center','530600010032',84,359,6856,87,66,32),(15277,'Lincoln School','530600010011',386,359,6856,82,66,32),(15278,'Martin Luther King School','530600010008',528,359,6856,82,66,32),(15279,'Mont Pleasant Middle School','530600010024',659,359,6856,84,66,32),(15280,'Oneida Middle School','530600010022',590,359,6856,87,66,32),(15281,'Paige School','530600010013',469,359,6856,82,66,32),(15282,'Pleasant Valley School','530600010014',458,359,6856,82,66,32),(15283,'Schenectady High School','530600010025',2781,359,6856,83,66,32),(15284,'Van Corlaer School','530600010026',496,359,6856,82,66,32),(15285,'William C Keane Elementary School','530600010030',317,359,6856,82,66,32),(15286,'Woodlawn School','530600010029',429,359,6856,82,66,32),(15287,'Yates School','530600010017',390,359,6856,82,66,32),(15288,'Glendaal School','530202060002',284,359,6857,82,67,32),(15289,'Glen-Worden Elementary School','530202060001',257,359,6857,82,67,32),(15290,'Lincoln School','530202060003',254,359,6857,82,67,32),(15291,'Sacandaga School','530202060005',379,359,6857,82,67,32),(15292,'Scotia-Glenville Middle School','530202060007',616,359,6857,84,67,32),(15293,'Scotia-Glenville Senior High School','530202060006',845,359,6857,83,67,32),(15294,'Cobleskill-Richmondville High School','541102060002',632,360,6858,83,67,32),(15295,'George D Ryder Elementary School','541102060001',535,360,6858,82,67,32),(15296,'Joseph B Radez Elementary School','541102060005',332,360,6858,82,67,32),(15297,'William H Golding Middle School','541102060004',486,360,6858,84,67,32),(15298,'Gilboa Conesville Central School','540801040001',384,360,6859,86,67,32),(15299,'Jefferson Central School','540901040001',296,360,6860,86,69,32),(15300,'Middleburgh Elementary School','541001040002',414,360,6861,82,67,32),(15301,'Middleburgh High School','541001040001',294,360,6861,83,67,32),(15302,'Middleburgh Middle School','541001040003',180,360,6861,84,67,32),(15303,'Schoharie Elementary School','541201040002',458,360,6862,82,67,32),(15304,'Schoharie High School','541201040003',438,360,6862,85,67,32),(15305,'Sharon Springs Central School','541401040001',335,360,6863,86,67,32),(15306,'B C Cate Elementary School','550101040001',182,361,6864,82,69,32),(15307,'Howard A Hanlon Elementary School','550101040002',177,361,6864,82,69,32),(15308,'Odessa-Montour Junior/Senior High School','550101040003',431,361,6864,85,69,32),(15309,'Watkins Glen Central High School','550301060004',401,361,6865,83,67,32),(15310,'Watkins Glen Elementary School','550301060002',459,361,6865,82,67,32),(15311,'Watkins Glen Middle School','550301060003',355,361,6865,84,67,32),(15312,'Romulus Central School','560603040001',451,362,6866,86,69,32),(15313,'Elizabeth Cady Stanton Elementary School','560701060004',303,362,6867,82,67,32),(15314,'Frank M Knight Elementary School','560701060001',289,362,6867,82,67,32),(15315,'Mynderse Academy','560701060003',419,362,6867,83,67,32),(15316,'Seneca Falls Middle School','560701060005',269,362,6867,84,67,32),(15317,'South Seneca Elementary School','560501040003',352,362,6868,82,69,32),(15318,'South Seneca High School','560501040004',295,362,6868,83,69,32),(15319,'South Seneca Middle School','560501040005',184,362,6868,84,69,32),(15320,'La Fayette School','561006060002',332,362,6869,82,69,32),(15321,'Main Street Elementary School','561006060005',128,362,6869,82,69,32),(15322,'Skoi-Yase School','561006060004',350,362,6869,82,69,32),(15323,'Waterloo High School','561006060001',570,362,6869,83,69,32),(15324,'Waterloo Middle School','561006060003',412,362,6869,84,69,32),(15325,'Saint Lawrence Elementary School','510101040002',424,363,6870,82,69,32),(15326,'Saint Lawrence High School','510101040003',364,363,6870,83,69,32),(15327,'St Lawrence Middle School','510101040001',297,363,6870,84,69,32),(15328,'F S Banford Elementary School','510201060001',436,363,6871,82,67,32),(15329,'H C Williams Senior High School','510201060003',411,363,6871,83,67,32),(15330,'J M Mckenney Middle School','510201060004',484,363,6871,82,67,32),(15331,'Clifton-Fine Elementary School','510401040002',177,363,6872,82,69,32),(15332,'Clifton-Fine Junior-Senior High School','510401040001',174,363,6872,85,69,32),(15333,'Colton-Pierrepont Central School','510501040001',150,363,6873,85,67,32),(15334,'Colton-Pierrepont Elementary School','510501040002',185,363,6873,82,67,32),(15335,'Edwards-Knox Elementary School','513102040001',331,363,6874,82,69,32),(15336,'Edwards-Knox Junior-Senior High School','513102040002',289,363,6874,85,69,32),(15337,'East Side Elementary School','511101060006',390,363,6875,82,69,32),(15338,'Fowler Elementary School','511101060004',121,363,6875,82,69,32),(15339,'Gouverneur Junior-Senior High School','511101060005',891,363,6875,85,69,32),(15340,'West Side Elementary School','511101060007',254,363,6875,82,69,32),(15341,'Hammond Central School','511201040001',328,363,6876,86,69,32),(15342,'Hermon-Dekalb Central School','511301040002',382,363,6877,86,69,32),(15343,'Heuvelton Central School','512404040001',571,363,6878,86,69,32),(15344,'Lisbon Central School','511602040002',599,363,6879,86,69,32),(15345,'Madrid Waddington Elementary School','511901040004',370,363,6880,82,67,32),(15346,'Madrid-Waddington Junior-Senior High School','511901040001',384,363,6880,85,67,32),(15347,'J William Leary Junior High School','512001060009',477,363,6881,87,69,32),(15348,'Jefferson Elementary School','512001060001',490,363,6881,82,69,32),(15349,'Madison Elementary School','512001060004',503,363,6881,82,69,32),(15350,'Massena Senior High School','512001060008',890,363,6881,83,69,32),(15351,'Nightengale Elementary School','512001060005',523,363,6881,82,69,32),(15352,'Morristown Central School','512101040001',398,363,6882,86,69,32),(15353,'Norwood-Norfolk Elementary School','512201040002',426,363,6883,82,69,32),(15354,'Norwood-Norfolk Middle School','512201040003',292,363,6883,84,69,32),(15355,'Norwood-Norfolk School','512201040001',297,363,6883,83,69,32),(15356,'John F Kennedy School','512300010002',366,363,6884,82,69,32),(15357,'Lincoln School','512300010003',170,363,6884,82,69,32),(15358,'Madill School','512300010004',306,363,6884,82,69,32),(15359,'Ogdensburg Free Academy','512300010009',807,363,6884,85,69,32),(15360,'Sherman School','512300010005',103,363,6884,82,69,32),(15361,'Parishville-Hopkinton Elementary School','512501040002',283,363,6885,82,69,32),(15362,'Parishville-Hopkinton Junior-Senior High School','512501040004',208,363,6885,85,69,32),(15363,'A A Kingston Middle School','512902060004',358,363,6886,84,67,32),(15364,'Lawrence Avenue Elementary School','512902060002',597,363,6886,82,67,32),(15365,'Potsdam Senior High School','512902060003',462,363,6886,83,67,32),(15366,'Addison High School','570101040002',526,364,6887,85,69,32),(15367,'Tuscarora Elementary School','570101040001',603,364,6887,82,69,32),(15368,'Valley Elementary School','570101040003',54,364,6887,82,69,32),(15369,'Arkport Central School','571901040004',579,364,6888,86,67,32),(15370,'Avoca Central School','570201040002',510,364,6889,86,69,32),(15371,'Dana L Lyon Middle School','570302060004',599,364,6890,82,69,32),(15372,'Haverling Senior High School','570302060003',536,364,6890,83,69,32),(15373,'Vernon E Wightman Primary School','570302060001',571,364,6890,82,69,32),(15374,'Bradford Central School','570401040001',305,364,6891,86,69,32),(15375,'Campbell-Savona Elementary School','570603040001',480,364,6892,82,69,32),(15376,'Campbell-Savona Junior/Senior High School','570603040002',472,364,6892,85,69,32),(15377,'Canisteo-Greenwood Elementary School','571502060002',389,364,6893,82,69,32),(15378,'Canisteo-Greenwood High School','571502060001',291,364,6893,83,69,32),(15379,'Canisteo-Greenwood Middle School','571502060003',267,364,6893,84,69,32),(15380,'Calvin U Smith Elementary School','571000010003',338,364,6894,82,67,32),(15381,'Corning Free Academy Middle School','571000010015',527,364,6894,84,67,32),(15382,'Corning Painted Post High School Learning Center','571000010019',30,364,6894,83,67,32),(15383,'Corning-Painted Post East High School','571000010017',850,364,6894,83,67,32),(15384,'Corning-Painted Post West High School','571000010018',959,364,6894,83,67,32),(15385,'Erwin Valley Elementary School','571000010005',489,364,6894,82,67,32),(15386,'Frank F Pierce Early Childhood Center','571000010006',105,364,6894,88,67,32),(15387,'Frederick Carder Elementary School','571000010007',517,364,6894,82,67,32),(15388,'Hugh W Gregg Elementary School','571000010008',291,364,6894,82,67,32),(15389,'Northside Blodgett Middle School','571000010014',614,364,6894,84,67,32),(15390,'William E Severn Elementary School','571000010012',437,364,6894,82,67,32),(15391,'Winfield Street Elementary School','571000010013',266,364,6894,82,67,32),(15392,'Glenn Curtiss Memorial School','572901040002',253,364,6895,82,67,32),(15393,'Hammondsport Junior-Senior High School','572901040004',269,364,6895,85,67,32),(15394,'Bryant School','571800010002',178,364,6896,82,69,32),(15395,'Hornell Intermediate School','571800010001',575,364,6896,82,69,32),(15396,'Hornell Junior High School','571800010008',381,364,6896,87,69,32),(15397,'Hornell Senior High School','571800010006',437,364,6896,83,69,32),(15398,'North Hornell School','571800010007',240,364,6896,82,69,32),(15399,'Jasper-Troupsburg Elementary School','572702040001',305,364,6897,82,69,32),(15400,'Jasper-Troupsburg Junior-Senior High School','572702040002',271,364,6897,85,69,32),(15401,'Prattsburgh Central School','572301040001',442,364,6898,86,69,32),(15402,'Cohocton Elementary School','573002040004',211,364,6899,82,69,32),(15403,'Wayland Elementary School','573002040002',377,364,6899,82,69,32),(15404,'Wayland-Cohocton High School','573002040001',526,364,6899,83,69,32),(15405,'Wayland-Cohocton Middle School','573002040003',449,364,6899,84,69,32),(15406,'Child Development Center Of The Hamptons Charter School','580302860027',60,365,6389,82,65,31),(15407,'Riverhead Charter School','580602860032',276,365,6389,82,65,31),(15408,'Amagansett School','580303020001',126,365,6900,82,68,32),(15409,'Amityville Memorial High School','580106030005',701,365,6901,83,66,32),(15410,'Edmund W Miles Middle School','580106030004',630,365,6901,87,66,32),(15411,'Northeast School','580106030001',372,365,6901,82,66,32),(15412,'Northwest Elementary School','580106030002',392,365,6901,82,66,32),(15413,'Park Avenue School','580106030003',834,365,6901,82,66,32),(15414,'Babylon Elementary School','580101030003',382,365,6902,82,68,32),(15415,'Babylon Junior-Senior High School','580101030002',842,365,6902,85,68,32),(15416,'Babylon Memorial Grade School','580101030001',564,365,6902,82,68,32),(15417,'Bay Shore Middle School','580501030007',1352,365,6903,84,67,32),(15418,'Bay Shore Senior High School','580501030006',1899,365,6903,83,67,32),(15419,'Brook Avenue Elementary School','580501030001',387,365,6903,82,67,32),(15420,'Fifth Avenue School','580501030004',382,365,6903,82,67,32),(15421,'Gardiner Manor School','580501030002',719,365,6903,82,67,32),(15422,'Mary G Clarkson School','580501030003',526,365,6903,82,67,32),(15423,'South Country School','580501030005',532,365,6903,82,67,32),(15424,'Academy Street Elementary School','580505020005',417,365,6904,82,68,32),(15425,'Bayport-Blue Point High School','580505020004',763,365,6904,83,68,32),(15426,'Blue Point Elementary School','580505020002',271,365,6904,82,68,32),(15427,'James Wilson Young Middle School','580505020006',625,365,6904,84,68,32),(15428,'Sylvan Avenue Elementary School','580505020003',427,365,6904,82,68,32),(15429,'Brentwood High School','580512030018',3776,365,6905,83,66,32),(15430,'East Elementary School','580512030002',831,365,6905,82,66,32),(15431,'East Middle School','580512030020',922,365,6905,84,66,32),(15432,'Freshman Center','580512030026',1214,365,6905,83,66,32),(15433,'Hemlock Elementary School','580512030003',456,365,6905,82,66,32),(15434,'Laurel Park Elementary School','580512030004',564,365,6905,82,66,32),(15435,'Loretta Park Elementary School','580512030005',710,365,6905,82,66,32),(15436,'North Elementary School','580512030006',765,365,6905,82,66,32),(15437,'North Middle School','580512030016',1049,365,6905,84,66,32),(15438,'Northeast Elementary School','580512030007',953,365,6905,82,66,32),(15439,'Oak Park Elementary School','580512030009',723,365,6905,82,66,32),(15440,'Pine Park Elementary School','580512030010',609,365,6905,82,66,32),(15441,'South Middle School','580512030021',854,365,6905,84,66,32),(15442,'Southeast Elementary School','580512030012',622,365,6905,82,66,32),(15443,'Southwest Elementary School','580512030001',1106,365,6905,82,66,32),(15444,'Twin Pines Elementary School','580512030013',860,365,6905,82,66,32),(15445,'West Middle School','580512030015',819,365,6905,84,66,32),(15446,'Bridgehampton School','580909020001',168,365,6906,86,68,32),(15447,'Boyle Road Elementary School','580203020007',527,365,6907,82,67,32),(15448,'Clinton Avenue School','580203020005',418,365,6907,82,67,32),(15449,'Comsewogue High School','580203020008',1329,365,6907,83,67,32),(15450,'John F Kennedy Middle School','580203020004',843,365,6907,84,67,32),(15451,'Norwood Avenue School','580203020002',301,365,6907,82,67,32),(15452,'Terryville Road School','580203020001',472,365,6907,82,67,32),(15453,'Center Moriches High School','580233020001',552,365,6908,83,67,32),(15454,'Center Moriches Middle School','580233020002',355,365,6908,84,67,32),(15455,'Clayton Huey Elementary School','580233020003',699,365,6908,82,67,32),(15456,'Andrew T Morrow School','580513030007',636,365,6909,82,66,32),(15457,'Central Islip Early Childhood Center','580513030009',674,365,6909,82,66,32),(15458,'Central Islip Senior High School','580513030006',1882,365,6909,83,66,32),(15459,'Charles A Mulligan School','580513030005',961,365,6909,82,66,32),(15460,'Cordello Avenue Elementary School','580513030001',459,365,6909,82,66,32),(15461,'Francis J O\'Neill School','580513030002',437,365,6909,82,66,32),(15462,'Marguerite L Mulvey School','580513030003',650,365,6909,82,66,32),(15463,'Ralph Reed School','580513030008',905,365,6909,87,66,32),(15464,'Cold Spring Harbor High School','580402060004',997,365,6910,85,68,32),(15465,'Goosehill Primary Center','580402060005',235,365,6910,82,68,32),(15466,'Lloyd Harbor School','580402060002',487,365,6910,82,68,32),(15467,'West Side School','580402060003',282,365,6910,82,68,32),(15468,'Burr Intermediate School','580410030020',958,365,6911,82,68,32),(15469,'Commack High School','580410030017',2458,365,6911,83,68,32),(15470,'Commack Middle School','580410030019',1869,365,6911,84,68,32),(15471,'Indian Hollow School','580410030005',324,365,6911,82,68,32),(15472,'North Ridge School','580410030008',442,365,6911,82,68,32),(15473,'Rolling Hills School','580410030018',279,365,6911,82,68,32),(15474,'Sawmill Intermediate School','580410030021',762,365,6911,82,68,32),(15475,'Wood Park School','580410030014',417,365,6911,82,68,32),(15476,'Cherokee Street Elementary School','580507060007',671,365,6912,82,67,32),(15477,'Connetquot Alternative Preschool At Premm','580507060013',30,365,6912,88,67,32),(15478,'Connetquot High School','580507060006',2129,365,6912,83,67,32),(15479,'Edith L Slocum Elementary School','580507060004',342,365,6912,82,67,32),(15480,'Edward J Bosti Elementary School','580507060009',424,365,6912,82,67,32),(15481,'Helen B Duffield Elementary School','580507060002',408,365,6912,82,67,32),(15482,'Idle Hour Elementary School','580507060008',330,365,6912,82,67,32),(15483,'John Pearl Elementary School','580507060003',285,365,6912,82,67,32),(15484,'Oakdale-Bohemia Middle School','580507060011',892,365,6912,84,67,32),(15485,'Ronkonkoma Middle School','580507060010',774,365,6912,84,67,32),(15486,'Sycamore Avenue Elementary School','580507060005',446,365,6912,82,67,32),(15487,'Copiague Middle School','580105030006',1098,365,6913,84,66,32),(15488,'Deauville Gardens East Elementary School','580105030001',874,365,6913,82,66,32),(15489,'Great Neck Road Elementary School','580105030002',518,365,6913,82,66,32),(15490,'Susan E Wiley School','580105030004',746,365,6913,82,66,32),(15491,'Walter G O\'Connell Copiague High School','580105030005',1484,365,6913,83,66,32),(15492,'Abraham Lincoln School','580107030010',207,365,6914,88,67,32),(15493,'Deer Park High School','580107030007',1321,365,6914,83,67,32),(15494,'John F Kennedy Intermediate School','580107030008',1003,365,6914,82,67,32),(15495,'John Quincy Adams Primary School','580107030004',429,365,6914,82,67,32),(15496,'May Moore Primary School','580107030001',440,365,6914,82,67,32),(15497,'Robert Frost Middle School','580107030009',1013,365,6914,84,67,32),(15498,'East Hampton High School','580301020002',959,365,6915,83,68,32),(15499,'East Hampton Middle School','580301020003',318,365,6915,84,68,32),(15500,'John M Marshall Elementary School','580301020001',568,365,6915,82,68,32),(15501,'Connetquot Elementary School','580503030001',353,365,6916,82,67,32),(15502,'Early Childhood Center','580503030009',394,365,6916,82,67,32),(15503,'East Islip High School','580503030006',1611,365,6916,83,67,32),(15504,'East Islip Middle School','580503030008',1119,365,6916,84,67,32),(15505,'John F Kennedy Elementary School','580503030003',473,365,6916,82,67,32),(15506,'Ruth C Kinney Elementary School','580503030007',357,365,6916,82,67,32),(15507,'Timber Point Elementary School','580503030004',419,365,6916,82,67,32),(15508,'East Moriches Elementary School','580234020002',401,365,6917,82,68,32),(15509,'East Moriches School','580234020001',340,365,6917,84,68,32),(15510,'East Quogue School','580917020001',407,365,6918,82,68,32),(15511,'Dayton Avenue School','580912060004',584,365,6919,82,68,32),(15512,'Eastport Elementary School','580912060002',1029,365,6919,82,68,32),(15513,'Eastport-South Manor Junior Senior High School','580912060001',1892,365,6919,85,68,32),(15514,'South Street School','580912060003',383,365,6919,82,68,32),(15515,'Elwood Middle School','580401020005',667,365,6920,84,67,32),(15516,'Elwood/John Glenn High School','580401020003',840,365,6920,83,67,32),(15517,'Harley Avenue Elementary School','580401020004',572,365,6920,82,67,32),(15518,'James H Boyd Elementary School','580401020001',564,365,6920,82,67,32),(15519,'Woodhull School','580514020001',17,365,6921,82,68,32),(15520,'Fishers Island School','581004020001',75,365,6922,86,68,32),(15521,'Greenport Elementary School','581010020002',276,365,6923,82,67,32),(15522,'Greenport High School','581010020001',349,365,6923,85,67,32),(15523,'Candlewood Middle School','580405060008',1080,365,6924,84,68,32),(15524,'Chestnut Hill Elementary School','580405060015',569,365,6924,82,68,32),(15525,'Forest Park Elementary School','580405060002',513,365,6924,82,68,32),(15526,'Half Hollow Hills High School East','580405060010',1780,365,6924,83,68,32),(15527,'Half Hollow Hills High School West','580405060016',1422,365,6924,83,68,32),(15528,'Otsego Elementary School','580405060001',590,365,6924,82,68,32),(15529,'Paumanok Elementary School','580405060012',684,365,6924,82,68,32),(15530,'Signal Hill Elementary School','580405060013',604,365,6924,82,68,32),(15531,'Sunquam Elementary School','580405060003',608,365,6924,82,68,32),(15532,'Vanderbilt Elementary School','580405060011',561,365,6924,82,68,32),(15533,'West Hollow Middle School','580405060014',1471,365,6924,84,68,32),(15534,'Hampton Bays Elementary School','580905020002',725,365,6925,82,67,32),(15535,'Hampton Bays High School','580905020001',624,365,6925,83,67,32),(15536,'Hampton Bays Middle School','580905020004',589,365,6925,84,67,32),(15537,'Harborfields High School','580406060007',1144,365,6926,83,68,32),(15538,'Oldfield Middle School','580406060005',926,365,6926,84,68,32),(15539,'Thomas J Lahey Elementary School','580406060009',819,365,6926,82,68,32),(15540,'Washington Drive Primary School','580406060001',741,365,6926,82,68,32),(15541,'Bretton Woods Elementary School','580506030004',671,365,6927,82,68,32),(15542,'Forest Brook Elementary School','580506030008',473,365,6927,82,68,32),(15543,'Hauppauge High School','580506030007',1293,365,6927,83,68,32),(15544,'Hauppauge Middle School','580506030005',1001,365,6927,84,68,32),(15545,'Pines Elementary School','580506030003',596,365,6927,82,68,32),(15546,'Flower Hill School','580403030004',458,365,6928,82,67,32),(15547,'Huntington High School','580403030013',1281,365,6928,85,67,32),(15548,'J Taylor Finley Middle School','580403030014',696,365,6928,87,67,32),(15549,'Jefferson School','580403030005',425,365,6928,82,67,32),(15550,'Southdown School','580403030002',451,365,6928,82,67,32),(15551,'Washington School','580403030009',470,365,6928,82,67,32),(15552,'Woodhull Intermediate School','580403030017',677,365,6928,82,67,32),(15553,'Commack Road Elementary School','580502020002',572,365,6929,82,67,32),(15554,'Islip High School','580502020001',1150,365,6929,83,67,32),(15555,'Islip Middle School','580502020004',796,365,6929,84,67,32),(15556,'Maud S Sherwood Elementary School','580502020005',375,365,6929,82,67,32),(15557,'Wing Elementary School','580502020006',410,365,6929,82,67,32),(15558,'Fort Salonga Elementary School','580805060006',543,365,6930,82,68,32),(15559,'Kings Park High School','580805060004',1269,365,6930,83,68,32),(15560,'Parkview Elementary School','580805060005',515,365,6930,82,68,32),(15561,'Rj O Intermediate School','580805060001',631,365,6930,82,68,32),(15562,'William T Rogers Middle School','580805060007',965,365,6930,84,68,32),(15563,'Albany Avenue School','580104030001',500,365,6931,82,67,32),(15564,'Alleghany Avenue School','580104030002',326,365,6931,82,67,32),(15565,'Daniel Street School','580104030003',594,365,6931,82,67,32),(15566,'Edward W Bower School','580104030004',244,365,6931,82,67,32),(15567,'Harding Avenue School','580104030005',234,365,6931,82,67,32),(15568,'Lindenhurst Middle School','580104030011',1619,365,6931,84,67,32),(15569,'Lindenhurst Senior High School','580104030010',2353,365,6931,83,67,32),(15570,'West Gates Avenue School','580104030009',316,365,6931,82,67,32),(15571,'William Rall School','580104030008',574,365,6931,82,67,32),(15572,'Little Flower School','580603020001',117,365,6932,85,67,32),(15573,'C E Walters School','580212060001',808,365,6933,82,67,32),(15574,'Coram Elementary School','580212060002',981,365,6933,82,67,32),(15575,'Longwood High School','580212060005',2932,365,6933,83,67,32),(15576,'Longwood Junior High School','580212060006',1407,365,6933,87,67,32),(15577,'Longwood Middle School','580212060007',1354,365,6933,82,67,32),(15578,'Ridge Elementary School','580212060003',833,365,6933,82,67,32),(15579,'West Middle Island School','580212060004',838,365,6933,82,67,32),(15580,'Mattituck Junior-Senior High School','581012020001',816,365,6934,85,68,32),(15581,'Mattituck-Cutchogue Elementary School','581012020002',676,365,6934,82,68,32),(15582,'Bicycle Path Kindergarten-Pre K Center','580211060006',526,365,6935,82,67,32),(15583,'Centereach High School','580211060016',1699,365,6935,83,67,32),(15584,'Dawnwood Middle School','580211060009',1193,365,6935,84,67,32),(15585,'Eugene Auer Memorial School','580211060007',413,365,6935,82,67,32),(15586,'Hawkins Path School','580211060002',356,365,6935,82,67,32),(15587,'Holbrook Road School','580211060003',395,365,6935,82,67,32),(15588,'Jericho Elementary School','580211060015',413,365,6935,82,67,32),(15589,'New Lane Memorial Elementary School','580211060017',999,365,6935,82,67,32),(15590,'Newfield High School','580211060010',1647,365,6935,83,67,32),(15591,'North Coleman Road School','580211060004',411,365,6935,82,67,32),(15592,'Oxhead Road School','580211060005',557,365,6935,82,67,32),(15593,'Selden Middle School','580211060011',1177,365,6935,84,67,32),(15594,'Stagecoach School','580211060014',429,365,6935,82,67,32),(15595,'Unity Drive Kindergarten-Pre K Center','580211060018',591,365,6935,82,67,32),(15596,'Andrew Muller Primary School','580208020002',627,365,6936,82,68,32),(15597,'Miller Place High School','580208020003',977,365,6936,83,68,32),(15598,'North Country Road School','580208020001',750,365,6936,84,68,32),(15599,'Sound Beach School','580208020004',653,365,6936,82,68,32),(15600,'Montauk School','580306020001',319,365,6937,82,68,32),(15601,'Mount Sinai Elementary School','580207020001',916,365,6938,82,68,32),(15602,'Mount Sinai High School','580207020003',831,365,6938,83,68,32),(15603,'Mount Sinai Middle School','580207020002',809,365,6938,84,68,32),(15604,'New Suffolk School','581015080001',22,365,6939,82,67,32),(15605,'Belmont Elementary School','580103030001',421,365,6940,82,67,32),(15606,'Marion G Vedder Elementary School','580103030009',366,365,6940,82,67,32),(15607,'North Babylon High School','580103030008',1576,365,6940,83,67,32),(15608,'Parliament Place School','580103030003',464,365,6940,82,67,32),(15609,'Robert Moses Middle School','580103030002',1189,365,6940,84,67,32),(15610,'William E Deluca Jr Elementary School','580103030010',420,365,6940,82,67,32),(15611,'Woods Road Elementary School','580103030006',420,365,6940,82,67,32),(15612,'Bellerose Elementary School','580404030011',460,365,6941,82,68,32),(15613,'Dickinson Avenue Elementary School','580404030001',455,365,6941,82,68,32),(15614,'East Northport Middle School','580404030007',674,365,6941,84,68,32),(15615,'Fifth Avenue Elementary School','580404030002',534,365,6941,82,68,32),(15616,'Northport Middle School','580404030008',822,365,6941,84,68,32),(15617,'Northport Senior High School','580404030009',2120,365,6941,83,68,32),(15618,'Norwood Avenue School','580404030004',440,365,6941,82,68,32),(15619,'Ocean Avenue School','580404030005',441,365,6941,82,68,32),(15620,'Pulaski Road School','580404030006',422,365,6941,82,68,32),(15621,'Oysterponds Elementary School','581002020001',83,365,6942,82,68,32),(15622,'Barton Elementary School','580224030001',642,365,6943,82,67,32),(15623,'Bay Elementary School','580224030003',393,365,6943,82,67,32),(15624,'Canaan Elementary School','580224030010',539,365,6943,82,67,32),(15625,'Eagle Elementary School','580224030009',606,365,6943,82,67,32),(15626,'Medford Elementary School','580224030004',589,365,6943,82,67,32),(15627,'Oregon Middle School','580224030006',591,365,6943,84,67,32),(15628,'Patchogue-Medford High School','580224030008',2727,365,6943,83,67,32),(15629,'River Elementary School','580224030005',355,365,6943,82,67,32),(15630,'Saxton Middle School','580224030011',757,365,6943,84,67,32),(15631,'South Ocean Middle School','580224030007',513,365,6943,84,67,32),(15632,'Tremont Elementary School','580224030002',548,365,6943,82,67,32),(15633,'Earl L Vandermeulen High School','580206020003',379,365,6944,83,68,32),(15634,'Port Jefferson Elementary School','580206020004',590,365,6944,82,68,32),(15635,'Port Jefferson Middle School','580206020002',303,365,6944,84,68,32),(15636,'Quogue Elementary School','580903020001',124,365,6945,82,68,32),(15637,'Remsenburg-Speonk Elementary School','580901020001',177,365,6946,82,68,32),(15638,'Aquebogue Elementary School','580602040003',490,365,6947,82,67,32),(15639,'Phillips Avenue School','580602040004',512,365,6947,82,67,32),(15640,'Pulaski Street Elementary School','580602040009',689,365,6947,82,67,32),(15641,'Riley Avenue School','580602040007',620,365,6947,82,67,32),(15642,'Riverhead Middle School','580602040006',705,365,6947,87,67,32),(15643,'Riverhead Senior High School','580602040008',1525,365,6947,83,67,32),(15644,'Roanoke Avenue School','580602040002',357,365,6947,82,67,32),(15645,'Frank J Carasiti Elementary School','580209020003',757,365,6948,82,67,32),(15646,'Joseph A Edgar Imtermediate School','580209020001',777,365,6948,82,67,32),(15647,'Rocky Point High School','580209020002',1016,365,6948,83,67,32),(15648,'Rocky Point Middle School','580209020004',820,365,6948,84,67,32),(15649,'Cayuga School','580205060013',612,365,6949,82,67,32),(15650,'Chippewa Elementary School','580205060015',512,365,6949,82,67,32),(15651,'Gatelot Avenue School','580205060001',561,365,6949,82,67,32),(15652,'Grundy Avenue School','580205060002',478,365,6949,82,67,32),(15653,'Hiawatha School','580205060003',532,365,6949,82,67,32),(15654,'Lynwood Avenue School','580205060004',488,365,6949,82,67,32),(15655,'Merrimac School','580205060014',472,365,6949,82,67,32),(15656,'Nokomis School','580205060005',498,365,6949,82,67,32),(15657,'Sachem High School East','580205060020',2407,365,6949,83,67,32),(15658,'Sachem High School North','580205060019',2376,365,6949,83,67,32),(15659,'Sagamore Middle School','580205060007',801,365,6949,84,67,32),(15660,'Samoset Middle School','580205060022',886,365,6949,84,67,32),(15661,'Seneca Middle School','580205060011',799,365,6949,84,67,32),(15662,'Sequoya Middle School','580205060021',975,365,6949,84,67,32),(15663,'Tamarac Elementary School','580205060018',641,365,6949,82,67,32),(15664,'Tecumseh Elementary School','580205060017',507,365,6949,82,67,32),(15665,'Waverly Avenue School','580205060006',580,365,6949,82,67,32),(15666,'Wenonah School','580205060012',543,365,6949,82,67,32),(15667,'Pierson Middle/High School','580305020004',529,365,6950,85,68,32),(15668,'Sag Harbor Elementary School','580305020001',428,365,6950,82,68,32),(15669,'Sagaponack School','580910080001',17,365,6951,82,67,32),(15670,'Cherry Avenue Elementary School','580504030001',448,365,6952,82,68,32),(15671,'Lincoln Avenue Elementary School','580504030006',537,365,6952,82,68,32),(15672,'Sayville High School','580504030004',1100,365,6952,83,68,32),(15673,'Sayville Middle School','580504030005',753,365,6952,84,68,32),(15674,'Sunrise Drive Elementary School','580504030003',455,365,6952,82,68,32),(15675,'Shelter Island School','580701020001',248,365,6953,86,68,32),(15676,'Albert G Prodell Middle School','580601040004',624,365,6954,84,68,32),(15677,'Briarcliff School','580601040001',275,365,6954,82,68,32),(15678,'Miller Avenue School','580601040002',431,365,6954,82,68,32),(15679,'Shoreham-Wading River High School','580601040005',893,365,6954,83,68,32),(15680,'Wading River School','580601040003',455,365,6954,82,68,32),(15681,'Accompsett Elementary School','580801060013',733,365,6955,82,68,32),(15682,'Accompsett Middle School','580801060019',781,365,6955,84,68,32),(15683,'Branch Brook Elementary School','580801060015',458,365,6955,82,68,32),(15684,'Dogwood Elementary School','580801060001',479,365,6955,82,68,32),(15685,'Great Hollow Middle School','580801060024',1030,365,6955,84,68,32),(15686,'Mills Pond Elementary School','580801060004',519,365,6955,82,68,32),(15687,'Mount Pleasant Elementary School','580801060005',503,365,6955,82,68,32),(15688,'Nesaquake Middle School','580801060016',832,365,6955,84,68,32),(15689,'Nesconset Elementary School','580801060006',354,365,6955,82,68,32),(15690,'Saint James Elementary School','580801060007',503,365,6955,82,68,32),(15691,'Smithtown Elementary School','580801060008',611,365,6955,82,68,32),(15692,'Smithtown High School East','580801060014',1747,365,6955,83,68,32),(15693,'Smithtown High School-West','580801060022',1709,365,6955,83,68,32),(15694,'Tackan Elementary School','580801060018',551,365,6955,82,68,32),(15695,'Bellport Middle School','580235060004',1038,365,6956,84,67,32),(15696,'Bellport Senior High School','580235060006',1361,365,6956,83,67,32),(15697,'Brookhaven Elementary School','580235060003',717,365,6956,82,67,32),(15698,'Frank P Long Intermediate School','580235060005',681,365,6956,82,67,32),(15699,'Kreamer Street Elementary School','580235060002',399,365,6956,82,67,32),(15700,'Verne W Critz Elementary School','580235060007',411,365,6956,82,67,32),(15701,'Birchwood Intermediate School','580413030008',701,365,6957,82,67,32),(15702,'Countrywood Primary Center','580413030009',667,365,6957,82,67,32),(15703,'Henry L Stimson Middle School','580413030013',1411,365,6957,84,67,32),(15704,'Maplewood Intermediate School','580413030012',687,365,6957,82,67,32),(15705,'Oakwood Primary Center','580413030003',701,365,6957,82,67,32),(15706,'Walt Whitman High School','580413030011',1823,365,6957,83,67,32),(15707,'Southampton Elementary School','580906030001',586,365,6958,82,68,32),(15708,'Southampton High School','580906030003',618,365,6958,83,68,32),(15709,'Southampton Intermediate School','580906030002',405,365,6958,84,68,32),(15710,'Southold Elementary School','581005020002',454,365,6959,82,68,32),(15711,'Southold Junior-Senior High School','581005020003',469,365,6959,85,68,32),(15712,'Springs School','580304020001',692,365,6960,82,67,32),(15713,'Arrowhead Elementary School','580201060003',740,365,6961,82,68,32),(15714,'Minnesauke Elementary School','580201060008',774,365,6961,82,68,32),(15715,'Nassakeag Elementary School','580201060004',678,365,6961,82,68,32),(15716,'Paul J Gelinas Junior High School','580201060009',905,365,6961,87,68,32),(15717,'Robert Cushman Murphy Junior High School','580201060010',934,365,6961,87,68,32),(15718,'Setauket Elementary School','580201060007',775,365,6961,82,68,32),(15719,'Ward Melville Senior High School','580201060005',1849,365,6961,83,68,32),(15720,'William Sidney Mount School','580201060006',723,365,6961,82,68,32),(15721,'Tuckahoe School','580913080001',361,365,6962,82,68,32),(15722,'Wainscott School','580302080001',17,365,6963,82,67,32),(15723,'Forest Avenue School','580102030001',369,365,6964,82,67,32),(15724,'John F Kennedy School','580102030002',448,365,6964,82,67,32),(15725,'Santapogue School','580102030004',364,365,6964,82,67,32),(15726,'South Bay School','580102030005',309,365,6964,82,67,32),(15727,'Tooker Avenue School','580102030006',348,365,6964,82,67,32),(15728,'West Babylon Junior High School','580102030007',1035,365,6964,84,67,32),(15729,'West Babylon Senior High School','580102030008',1487,365,6964,83,67,32),(15730,'Bayview Elementary School','580509030001',321,365,6965,82,68,32),(15731,'Beach Street Middle School','580509030010',596,365,6965,84,68,32),(15732,'Manetuck Elementary School','580509030004',456,365,6965,82,68,32),(15733,'Oquenock Elementary School','580509030005',341,365,6965,82,68,32),(15734,'Paul E Kirdahy Elementary School','580509030003',344,365,6965,82,68,32),(15735,'Paul J Bellew Elementary School','580509030007',362,365,6965,82,68,32),(15736,'Udall Road Middle School','580509030011',640,365,6965,84,68,32),(15737,'West Islip Senior High School','580509030012',1857,365,6965,83,68,32),(15738,'Westbrook Elementary School','580509030009',389,365,6965,82,68,32),(15739,'Westhampton Beach Elementary School','580902020002',387,365,6966,82,68,32),(15740,'Westhampton Beach Senior High School','580902020001',989,365,6966,83,68,32),(15741,'Westhampton Middle School','580902020004',444,365,6966,84,68,32),(15742,'John S Hobart Elementary School','580232030008',844,365,6967,82,67,32),(15743,'Moriches Elementary School','580232030006',909,365,6967,82,67,32),(15744,'Nathaniel Woodhull Elementary School','580232030011',737,365,6967,82,67,32),(15745,'Tangier Smith Elementary School','580232030005',773,365,6967,82,67,32),(15746,'William Floyd Elementary School','580232030004',765,365,6967,82,67,32),(15747,'William Floyd High School','580232030002',3117,365,6967,83,67,32),(15748,'William Floyd Middle School','580232030010',1062,365,6967,84,67,32),(15749,'William Paca Middle School','580232030012',971,365,6967,84,67,32),(15750,'La Francis Hardiman Elementary School','580109020006',674,365,6968,82,66,32),(15751,'Martin Luther King Elementary School','580109020001',496,365,6968,82,66,32),(15752,'Milton L Olive Middle School','580109020004',406,365,6968,84,66,32),(15753,'Wyandanch Memorial High School','580109020003',547,365,6968,83,66,32),(15754,'Eldred Junior-Senior High School','590801040001',342,366,6969,85,67,32),(15755,'George Ross Mackenzie Elementary School','590801040002',336,366,6969,82,67,32),(15756,'Benjamin Cosor Elementary School','590501060003',814,366,6970,82,69,32),(15757,'Fallsburg Junior Senior High School','590501060002',593,366,6970,85,69,32),(15758,'Liberty Elementary School','590901060005',641,366,6971,82,69,32),(15759,'Liberty Middle School','590901060009',441,366,6971,84,69,32),(15760,'Liberty Middle/High School','590901060006',489,366,6971,83,69,32),(15761,'Livingston Manor Elementary School','591302040003',285,366,6972,82,69,32),(15762,'Livingston Manor High School','591302040004',241,366,6972,85,69,32),(15763,'Emma C Chase School','591401060002',434,366,6973,82,69,32),(15764,'George L Cooke School','591401060003',761,366,6973,82,69,32),(15765,'Kenneth L Rutherford School','591401060004',634,366,6973,82,69,32),(15766,'Monticello High School','591401060005',1244,366,6973,83,69,32),(15767,'Robert J Kaiser Middle School','591401060006',882,366,6973,84,69,32),(15768,'Roscoe Central School','591301040001',251,366,6974,86,67,32),(15769,'Sullivan West Elementary School','591502040003',620,366,6975,82,67,32),(15770,'Sullivan West High School At Lake Huntington','591502040004',671,366,6975,85,67,32),(15771,'Tri-Valley Elementary School','591201040002',615,366,6976,82,67,32),(15772,'Tri-Valley Secondary School','591201040003',566,366,6976,85,67,32),(15773,'Candor Elementary School','600301040003',427,367,6977,82,69,32),(15774,'Candor Junior-Senior High School','600301040002',388,367,6977,85,69,32),(15775,'Nathan T Hall School','600402040003',349,367,6978,82,67,32),(15776,'Newark Valley Middle School','600402040001',387,367,6978,82,67,32),(15777,'Newark Valley Senior High School','600402040004',505,367,6978,85,67,32),(15778,'Apalachin Elementary School','600601060001',421,367,6979,82,67,32),(15779,'Owego Elementary School','600601060002',502,367,6979,82,67,32),(15780,'Owego Free Academy','600601060007',681,367,6979,83,67,32),(15781,'Owego-Apalachin Middle School','600601060006',534,367,6979,84,67,32),(15782,'Spencer-Van Etten Elementary School','600801040003',394,367,6980,82,69,32),(15783,'Spencer-Van Etten High School','600801040002',351,367,6980,83,69,32),(15784,'Spencer-Van Etten Middle School','600801040001',274,367,6980,84,69,32),(15785,'Tioga Elementary School','600903040002',128,367,6981,82,69,32),(15786,'Tioga Elementary School','600903040003',290,367,6981,82,69,32),(15787,'Tioga Middle School','600903040004',335,367,6981,84,69,32),(15788,'Tioga Senior High School','600903040001',310,367,6981,83,69,32),(15789,'Chemung Elementary School','600101060001',143,367,6982,82,69,32),(15790,'Elm Street Elementary School','600101060002',471,367,6982,82,69,32),(15791,'Lincoln Street Elementary School','600101060004',319,367,6982,82,69,32),(15792,'Waverly High School','600101060006',523,367,6982,83,69,32),(15793,'Waverly Middle School','600101060005',237,367,6982,87,69,32),(15794,'New Roots Charter School','610600860944',115,368,6389,83,65,31),(15795,'Cassavant Elementary School','610301060006',93,368,6983,82,67,32),(15796,'Dryden Elementary School','610301060001',617,368,6983,82,67,32),(15797,'Dryden High School','610301060003',586,368,6983,83,67,32),(15798,'Dryden Middle School','610301060008',372,368,6983,84,67,32),(15799,'Freeville Elementary School','610301060007',97,368,6983,82,67,32),(15800,'George Junior Republic School','610327020002',195,368,6984,85,67,32),(15801,'Groton Elementary School','610501040002',454,368,6985,82,67,32),(15802,'Groton High School','610501040001',331,368,6985,83,67,32),(15803,'Groton Middle School','610501040003',201,368,6985,84,67,32),(15804,'Belle Sherman School','610600010001',374,368,6986,82,67,32),(15805,'Beverly J Martin Elementary School','610600010004',330,368,6986,82,67,32),(15806,'Boynton Middle School','610600010014',561,368,6986,84,67,32),(15807,'Caroline Elementary School','610600010002',293,368,6986,82,67,32),(15808,'Cayuga Heights Elementary School','610600010003',351,368,6986,82,67,32),(15809,'Dewitt Middle School','610600010015',483,368,6986,84,67,32),(15810,'Enfield School','610600010007',254,368,6986,82,67,32),(15811,'Fall Creek Elementary School','610600010008',225,368,6986,82,67,32),(15812,'Ithaca Senior High School','610600010017',1367,368,6986,83,67,32),(15813,'Lehman Alternative Community School','610600010019',295,368,6986,85,67,32),(15814,'Northeast School','610600010011',369,368,6986,82,67,32),(15815,'South Hill School','610600010012',315,368,6986,82,67,32),(15816,'Lansing High School','610801040002',384,368,6987,83,67,32),(15817,'Lansing Middle School','610801040003',363,368,6987,84,67,32),(15818,'Raymond C Buckley Elementary School','610801040001',420,368,6987,82,67,32),(15819,'Newfield Elementary School','610901040002',406,368,6988,82,69,32),(15820,'Newfield Middle School','610901040004',196,368,6988,84,69,32),(15821,'Newfield Senior High School','610901040003',288,368,6988,83,69,32),(15822,'Charles O Dickerson High School','611001040002',425,368,6989,83,67,32),(15823,'Russell I Doig Middle School','611001040001',326,368,6989,84,67,32),(15824,'Trumansburg Elementary School','611001040003',440,368,6989,82,67,32),(15825,'Ellenville Elementary School','622002060002',704,369,6990,82,69,32),(15826,'Ellenville High School','622002060004',522,369,6990,83,69,32),(15827,'Ellenville Middle School','622002060005',539,369,6990,84,69,32),(15828,'Highland Elementary School','620803040001',806,369,6991,82,67,32),(15829,'Highland High School','620803040002',596,369,6991,83,67,32),(15830,'Highland Middle School','620803040003',450,369,6991,84,67,32),(15831,'Anna Devine School','620600010009',230,369,6992,82,67,32),(15832,'Chambers School','620600010011',373,369,6992,82,67,32),(15833,'E R Crosby Elementary School','620600010015',322,369,6992,82,67,32),(15834,'Ernest C Myer School','620600010013',221,369,6992,82,67,32),(15835,'Frank L Meagher School','620600010016',228,369,6992,82,67,32),(15836,'George Washington School','620600010012',438,369,6992,82,67,32),(15837,'Harry L Edson School','620600010024',443,369,6992,82,67,32),(15838,'J Watson Bailey Middle School','620600010020',780,369,6992,84,67,32),(15839,'John F Kennedy School','620600010014',203,369,6992,82,67,32),(15840,'Kingston High School','620600010022',2279,369,6992,83,67,32),(15841,'M Clifford Miller Middle School','620600010025',706,369,6992,84,67,32),(15842,'Robert R Graves School','620600010017',327,369,6992,82,67,32),(15843,'Sophie Finn School','620600010002',260,369,6992,82,67,32),(15844,'Zena Elementary School','620600010026',172,369,6992,82,67,32),(15845,'Marlboro Central High School','621001060005',713,369,6993,83,67,32),(15846,'Marlboro Elementary School','621001060001',194,369,6993,82,67,32),(15847,'Marlboro Elementary School','621001060006',436,369,6993,82,67,32),(15848,'Marlboro Middle School','621001060004',483,369,6993,84,67,32),(15849,'Middle Hope Elementary School','621001060002',115,369,6993,82,67,32),(15850,'Milton Elementary School','621001060003',119,369,6993,82,67,32),(15851,'Duzine School','621101060001',474,369,6994,82,67,32),(15852,'Lenape Elementary School','621101060002',498,369,6994,82,67,32),(15853,'New Paltz Middle School','621101060004',532,369,6994,84,67,32),(15854,'New Paltz Senior High School','621101060005',741,369,6994,83,67,32),(15855,'Onteora High School','621201060005',587,369,6995,83,67,32),(15856,'Onteora Middle School','621201060006',237,369,6995,87,67,32),(15857,'Phoenicia Elementary School','621201060002',208,369,6995,82,67,32),(15858,'Reginald Bennett Elementary School','621201060001',240,369,6995,82,67,32),(15859,'Woodstock Elementary School','621201060004',261,369,6995,82,67,32),(15860,'Kerhonkson Elementary School','620901060003',297,369,6996,82,67,32),(15861,'Marbletown Elementary School','620901060002',271,369,6996,82,67,32),(15862,'Rondout Valley High School','620901060001',802,369,6996,83,67,32),(15863,'Rondout Valley Middle School','620901060006',639,369,6996,84,67,32),(15864,'Rosendale Elementary School','620901060005',214,369,6996,82,67,32),(15865,'Cahill School','621601060003',355,369,6997,82,67,32),(15866,'Morse School','621601060002',376,369,6997,82,67,32),(15867,'Mount Marion Elementary School','621601060004',354,369,6997,82,67,32),(15868,'Riccardi Elementary School','621601060001',380,369,6997,82,67,32),(15869,'Saugerties Junior High School','621601060005',493,369,6997,87,67,32),(15870,'Saugerties Senior High School','621601060007',1020,369,6997,83,67,32),(15871,'John G Borden Middle School','621801060006',557,369,6998,87,67,32),(15872,'Leptondale Elementary School','621801060001',569,369,6998,82,67,32),(15873,'Ostrander Elementary School','621801060003',555,369,6998,82,67,32),(15874,'Plattekill Elementary School','621801060004',527,369,6998,82,67,32),(15875,'Wallkill Senior High School','621801060005',1227,369,6998,83,67,32),(15876,'West Park School','620202020001',35,369,6999,85,67,32),(15877,'Bolton Central School','630101040001',236,370,7000,86,68,32),(15878,'Big Cross Street School','630300010001',231,370,7001,82,67,32),(15879,'Glens Falls Middle School','630300010006',476,370,7001,84,67,32),(15880,'Glens Falls Senior High School','630300010007',815,370,7001,83,67,32),(15881,'Jackson Heights School','630300010003',182,370,7001,82,67,32),(15882,'Kensington Road School','630300010004',194,370,7001,82,67,32),(15883,'Sanford Street School','630300010005',368,370,7001,82,67,32),(15884,'Abraham Wing School','630918080001',191,370,7002,82,66,32),(15885,'Hadley-Luzerne Elementary School','630801040002',200,370,7003,82,69,32),(15886,'Hadley-Luzerne High School','630801040001',314,370,7003,83,69,32),(15887,'Stuart M Townsend Middle School','630801040003',375,370,7003,82,69,32),(15888,'Johnsburg Central School','630601040001',362,370,7004,86,67,32),(15889,'Lake George Elementary School','630701040002',474,370,7005,82,67,32),(15890,'Lake George Junior-Senior High School','630701040003',485,370,7005,85,67,32),(15891,'North Warren Central School','630202040001',542,370,7006,86,67,32),(15892,'Queensbury Elementary School','630902030001',1017,370,7007,82,67,32),(15893,'Queensbury Middle School','630902030003',889,370,7007,84,67,32),(15894,'Queensbury Senior High School','630902030002',1183,370,7007,83,67,32),(15895,'William H Barton Intermediate School','630902030004',540,370,7007,82,67,32),(15896,'Warrensburg Elementary School','631201040002',463,370,7008,82,67,32),(15897,'Warrensburg Junior-Senior High School','631201040001',389,370,7008,85,67,32),(15898,'Argyle Elementary School','640101040002',292,371,7009,82,67,32),(15899,'Argyle Junior/Senior High School','640101040001',309,371,7009,85,67,32),(15900,'Cambridge Elementary School','641610040002',485,371,7010,82,67,32),(15901,'Cambridge Junior-Senior High School','641610040003',441,371,7010,85,67,32),(15902,'Fort Ann Central School','640502040001',538,371,7011,86,67,32),(15903,'Fort Edward School','640601020001',530,371,7012,86,67,32),(15904,'Granville Elementary School','640701040004',332,371,7013,82,69,32),(15905,'Granville Junior-Senior High School','640701040003',753,371,7013,85,69,32),(15906,'Mary J Tanner Primary School','640701040002',265,371,7013,82,69,32),(15907,'Greenwich Elementary School','640801040003',549,371,7014,82,67,32),(15908,'Greenwich Junior-Senior High School','640801040002',523,371,7014,85,67,32),(15909,'Hartford Central School','641001040001',517,371,7015,86,67,32),(15910,'Hudson Falls High School','641301060001',687,371,7016,83,69,32),(15911,'Hudson Falls Intermediate School','641301060004',362,371,7016,82,69,32),(15912,'Hudson Falls Middle School','641301060002',486,371,7016,84,69,32),(15913,'Hudson Falls Primary School','641301060005',531,371,7016,82,69,32),(15914,'Margaret Murphy Kindergarten Center','641301060003',295,371,7016,82,69,32),(15915,'Putnam Central School','641401040001',44,371,7017,82,69,32),(15916,'Salem Elementary School','641501040002',264,371,7018,82,67,32),(15917,'Salem High School','641501040001',300,371,7018,85,67,32),(15918,'Whitehall Elementary School','641701060001',403,371,7019,82,69,32),(15919,'Whitehall Junior-Senior High School','641701060002',374,371,7019,85,69,32),(15920,'Clyde-Savannah Elementary School','650301040002',324,372,7020,82,69,32),(15921,'Clyde-Savannah High School','650301040003',420,372,7020,85,69,32),(15922,'Savannah Elementary School','650301040001',125,372,7020,82,69,32),(15923,'Gananda Middle School','650902040003',254,372,7021,84,67,32),(15924,'Richard Mann Elementary School','650902040002',499,372,7021,82,67,32),(15925,'Ruben A Cirillo High School','650902040001',358,372,7021,83,67,32),(15926,'Lyons Elementary School','650501040001',477,372,7022,82,69,32),(15927,'Lyons Middle School','650501040003',132,372,7022,87,69,32),(15928,'Lyons Senior High School','650501040002',304,372,7022,83,69,32),(15929,'Marion Elementary School','650701040001',449,372,7023,82,67,32),(15930,'Marion Junior-Senior High School','650701040002',429,372,7023,85,67,32),(15931,'Lincoln Elementary School','650101060003',246,372,7024,82,69,32),(15932,'Newark Middle School','650101060005',483,372,7024,84,69,32),(15933,'Newark Senior High School','650101060006',700,372,7024,83,69,32),(15934,'Norman R Kelley Intermediate School','650101060002',454,372,7024,82,69,32),(15935,'Perkins Elementary School','650101060001',350,372,7024,82,69,32),(15936,'Florentine Hendrick Elementary School','651501060001',302,372,7025,82,69,32),(15937,'North Rose-Wolcott Elementary School','651501060002',290,372,7025,82,69,32),(15938,'North Rose-Wolcott High School','651501060005',478,372,7025,83,69,32),(15939,'North Rose-Wolcott Middle School','651501060004',330,372,7025,84,69,32),(15940,'Palmyra-Macedon Intermediate School','650901060002',417,372,7026,82,67,32),(15941,'Palmyra-Macedon Middle School','650901060004',458,372,7026,84,67,32),(15942,'Palmyra-Macedon Primary School','650901060003',431,372,7026,82,67,32),(15943,'Palmyra-Macedon Senior High School','650901060001',680,372,7026,83,67,32),(15944,'Margaret W Cuyler Elementary School','651503040002',424,372,7027,82,69,32),(15945,'Red Creek High School','651503040003',309,372,7027,83,69,32),(15946,'Red Creek Middle School','651503040004',215,372,7027,84,69,32),(15947,'Sodus Elementary School','651201060001',465,372,7028,82,69,32),(15948,'Sodus High School','651201060003',387,372,7028,83,69,32),(15949,'Sodus Middle School','651201060004',358,372,7028,84,69,32),(15950,'Freewill Elementary School','650801060006',308,372,7029,82,67,32),(15951,'Ontario Elementary School','650801060001',372,372,7029,82,67,32),(15952,'Ontario Primary School','650801060004',352,372,7029,82,67,32),(15953,'Wayne Central Middle School','650801060005',580,372,7029,84,67,32),(15954,'Wayne Senior High School','650801060003',839,372,7029,83,67,32),(15955,'Williamson Elementary School','651402040003',476,372,7030,82,67,32),(15956,'Williamson Middle School','651402040001',336,372,7030,82,67,32),(15957,'Williamson Senior High School','651402040002',397,372,7030,83,67,32),(15958,'Charter School Of Educational Excellence','662300860862',457,373,6389,82,65,31),(15959,'Abbott School','660413020002',82,373,7031,82,67,32),(15960,'Ardsley High School','660405030001',721,373,7032,83,68,32),(15961,'Ardsley Middle School','660405030002',643,373,7032,84,68,32),(15962,'Concord Road Elementary School','660405030003',678,373,7032,82,68,32),(15963,'Bedford Hills Elementary School','660102060002',291,373,7033,82,68,32),(15964,'Bedford Village Elementary School','660102060001',420,373,7033,82,68,32),(15965,'Fox Lane High School','660102060006',1359,373,7033,83,68,32),(15966,'Fox Lane Middle School','660102060005',992,373,7033,84,68,32),(15967,'Mount Kisco Elementary School','660102060003',592,373,7033,82,68,32),(15968,'Pound Ridge Elementary School','660102060004',408,373,7033,82,68,32),(15969,'West Patent Elementary School','660102060007',357,373,7033,82,68,32),(15970,'Blind Brook High School','661905020002',408,373,7034,83,68,32),(15971,'Blind Brook-Rye Middle School','661905020003',385,373,7034,84,68,32),(15972,'Bruno M Ponterio Ridge Street School','661905020001',729,373,7034,82,68,32),(15973,'Briarcliff High School','661402020002',566,373,7035,83,68,32),(15974,'Briarcliff Middle School','661402020004',402,373,7035,84,68,32),(15975,'Todd Elementary School','661402020001',663,373,7035,82,68,32),(15976,'Bronxville Elementary School','660303030003',737,373,7036,82,68,32),(15977,'Bronxville High School','660303030002',455,373,7036,83,68,32),(15978,'Bronxville Middle School','660303030004',347,373,7036,84,68,32),(15979,'Byram Hills High School','661201060006',858,373,7037,83,68,32),(15980,'Coman Hill School','661201060002',525,373,7037,82,68,32),(15981,'H C Crittenden Middle School','661201060007',688,373,7037,84,68,32),(15982,'Wampus School','661201060005',643,373,7037,82,68,32),(15983,'Douglas G Grafflin School','661004060001',500,373,7038,82,68,32),(15984,'Horace Greeley High School','661004060004',1252,373,7038,83,68,32),(15985,'Roaring Brook School','661004060002',479,373,7038,82,68,32),(15986,'Robert E Bell School','661004060003',731,373,7038,84,68,32),(15987,'Seven Bridges Middle School','661004060006',633,373,7038,84,68,32),(15988,'Westorchard School','661004060005',511,373,7038,82,68,32),(15989,'Carrie E Tompkins School','660202030001',613,373,7039,82,68,32),(15990,'Croton-Harmon High School','660202030003',564,373,7039,83,68,32),(15991,'Pierre Van Cortlandt School','660202030002',549,373,7039,84,68,32),(15992,'Dobbs Ferry High School','660403030002',449,373,7040,83,68,32),(15993,'Dobbs Ferry Middle School','660403030003',314,373,7040,84,68,32),(15994,'Springhurst Elementary School','660403030001',682,373,7040,82,68,32),(15995,'Anne Hutchinson School','660301030001',465,373,7041,82,68,32),(15996,'Eastchester Middle School','660301030005',714,373,7041,84,68,32),(15997,'Eastchester Senior High School','660301030006',874,373,7041,83,68,32),(15998,'Greenvale School','660301030003',530,373,7041,82,68,32),(15999,'Waverly Early Childhood Center','660301030004',498,373,7041,82,68,32),(16000,'Edgemont Junior-Senior High School','660406030003',914,373,7042,85,68,32),(16001,'Greenville School','660406030001',495,373,7042,82,68,32),(16002,'Seely Place School','660406030002',507,373,7042,82,68,32),(16003,'Alexander Hamilton High School','660409020003',397,373,7043,85,67,32),(16004,'Alice E Grady Elementary School','660409020002',386,373,7043,82,67,32),(16005,'Carl L Dixson Elementary School','660409020001',195,373,7043,82,67,32),(16006,'Early Childhood Program','660407060006',161,373,7044,88,67,32),(16007,'Highview School','660407060009',249,373,7044,82,67,32),(16008,'Lee F Jackson School','660407060001',307,373,7044,82,67,32),(16009,'Richard J Bailey School','660407060003',328,373,7044,82,67,32),(16010,'Woodlands Middle School','660407060005',251,373,7044,87,67,32),(16011,'Woodlands Senior High School','660407060004',495,373,7044,83,67,32),(16012,'Greenburgh Eleven Elementary School','660411020002',46,373,7045,82,67,32),(16013,'Greenburgh Eleven High School','660411020004',235,373,7045,83,67,32),(16014,'Greenburgh Eleven Middle School','660411020003',51,373,7045,87,67,32),(16015,'Martin Luther King Jr High School','660410020002',214,373,7046,83,67,32),(16016,'Ziccolella Elementary School','660410020001',138,373,7046,82,67,32),(16017,'Clark Academy','660412020003',165,373,7047,85,67,32),(16018,'Greenburgh Academy','660412020001',181,373,7047,85,67,32),(16019,'Reach Academy (The)','660412020002',50,373,7047,85,67,32),(16020,'Harrison Avenue Elementary School','660501060002',460,373,7048,82,68,32),(16021,'Harrison High School','660501060004',1037,373,7048,83,68,32),(16022,'Louis M Klein Middle School','660501060009',826,373,7048,84,68,32),(16023,'Parsons Memorial School','660501060003',460,373,7048,82,68,32),(16024,'Purchase School','660501060005',412,373,7048,82,68,32),(16025,'Samuel J Preston School','660501060008',344,373,7048,82,68,32),(16026,'Farragut Middle School','660404030002',510,373,7049,84,68,32),(16027,'Hastings High School','660404030003',537,373,7049,83,68,32),(16028,'Hillside Elementary School','660404030001',562,373,7049,82,68,32),(16029,'Geller House School','660803020004',23,373,7050,85,67,32),(16030,'Hawthorne Cedar Knolls Sr/Jr High School','660803020001',172,373,7050,85,67,32),(16031,'Linden Hill School','660803020003',181,373,7050,85,67,32),(16032,'Little School','660803020002',32,373,7050,82,67,32),(16033,'Blue Mountain Middle School','660203060007',648,373,7051,84,68,32),(16034,'Buchanan-Verplanck Elementary School','660203060008',351,373,7051,82,68,32),(16035,'Frank G Lindsey Elementary School','660203060002',443,373,7051,82,68,32),(16036,'Furnace Woods Elementary School','660203060006',325,373,7051,82,68,32),(16037,'Hendrick Hudson High School','660203060005',854,373,7051,83,68,32),(16038,'Dows Lane (K-3) School','660402020004',496,373,7052,82,68,32),(16039,'Irvington High School','660402020001',622,373,7052,83,68,32),(16040,'Irvington Middle School','660402020003',434,373,7052,84,68,32),(16041,'Main Street School School (4-5)','660402020002',247,373,7052,82,68,32),(16042,'Increase Miller Elementary School','660101030001',371,373,7053,82,68,32),(16043,'John Jay High School','660101030004',1266,373,7053,83,68,32),(16044,'John Jay Middle School','660101030005',879,373,7053,84,68,32),(16045,'Katonah Elementary School','660101030002',478,373,7053,82,68,32),(16046,'Lewisboro Elementary School','660101030003',434,373,7053,82,68,32),(16047,'Meadow Pond Elementary School','660101030006',345,373,7053,82,68,32),(16048,'Benjamin Franklin Elementary School','662401060009',615,373,7054,82,67,32),(16049,'George Washington Elementary School','662401060003',483,373,7054,82,67,32),(16050,'Lakeland Alternative High School','662401060011',23,373,7054,83,67,32),(16051,'Lakeland High School','662401060007',1175,373,7054,83,67,32),(16052,'Lakeland-Copper Beech Middle School','662401060008',1465,373,7054,84,67,32),(16053,'Lincoln Titus Elementary School','662401060004',468,373,7054,82,67,32),(16054,'Thomas Jefferson Elementary School','662401060001',434,373,7054,82,67,32),(16055,'Van Cortlandtville School','662401060005',669,373,7054,82,67,32),(16056,'Walter Panas High School','662401060010',1039,373,7054,83,67,32),(16057,'Central School','660701030001',485,373,7055,82,68,32),(16058,'Chatsworth Avenue School','660701030002',643,373,7055,82,68,32),(16059,'Hommocks School','660701030005',1111,373,7055,84,68,32),(16060,'Mamaroneck Avenue School','660701030003',704,373,7055,82,68,32),(16061,'Mamaroneck High School','660701030006',1501,373,7055,83,68,32),(16062,'Murray Avenue School','660701030004',705,373,7055,82,68,32),(16063,'Columbus Elementary School','660801060005',470,373,7056,82,68,32),(16064,'Hawthorne Elementary School','660801060003',448,373,7056,82,68,32),(16065,'Westlake High School','660801060006',594,373,7056,83,68,32),(16066,'Westlake Middle School','660801060007',500,373,7056,84,68,32),(16067,'Blythedale School','660806020001',103,373,7057,86,67,32),(16068,'Edenwald School','660804020003',130,373,7058,83,67,32),(16069,'Mount Pleasant Cottage School','660804020002',208,373,7058,85,67,32),(16070,'Cecil H Parker School','660900010008',333,373,7059,82,66,32),(16071,'Columbus School At The Franko Building','660900010001',563,373,7059,82,66,32),(16072,'Davis Middle School','660900010022',792,373,7059,87,66,32),(16073,'Edward Williams School','660900010002',493,373,7059,82,66,32),(16074,'Graham School','660900010010',620,373,7059,82,66,32),(16075,'Grimes School','660900010014',504,373,7059,82,66,32),(16076,'Hamilton School','660900010004',350,373,7059,82,66,32),(16077,'Holmes School','660900010005',411,373,7059,82,66,32),(16078,'Lincoln School','660900010006',791,373,7059,82,66,32),(16079,'Longfellow Middle School','660900010023',436,373,7059,87,66,32),(16080,'Longfellow School','660900010007',392,373,7059,82,66,32),(16081,'Mount Vernon High School','660900010013',1475,373,7059,83,66,32),(16082,'Nelson Mandela Community Hs At Columbus Bldg','660900010025',203,373,7059,83,66,32),(16083,'Pennington School','660900010009',342,373,7059,82,66,32),(16084,'Thornton High School','660900010026',758,373,7059,83,66,32),(16085,'Traphagen School','660900010011',354,373,7059,82,66,32),(16086,'Albert Leonard Middle School','661100010013',1228,373,7060,84,67,32),(16087,'Columbus Elementary School','661100010002',825,373,7060,82,67,32),(16088,'Daniel Webster Elementary School','661100010011',544,373,7060,82,67,32),(16089,'George M Davis Elementary School','661100010003',665,373,7060,82,67,32),(16090,'Henry Barnard School','661100010001',593,373,7060,82,67,32),(16091,'Isaac E Young Middle School','661100010014',1153,373,7060,84,67,32),(16092,'Jefferson Elementary School','661100010004',601,373,7060,82,67,32),(16093,'New Rochelle High School','661100010016',3413,373,7060,83,67,32),(16094,'Trinity Elementary School','661100010008',856,373,7060,82,67,32),(16095,'William B Ward Elementary School','661100010009',1011,373,7060,82,67,32),(16096,'North Salem Middle School/High School','661301040003',750,373,7061,85,68,32),(16097,'Pequenakonck Elementary School','661301040002',575,373,7061,82,68,32),(16098,'Anne M Dorner Middle School','661401030006',877,373,7062,84,67,32),(16099,'Brookside School','661401030001',711,373,7062,82,67,32),(16100,'Claremont School','661401030002',667,373,7062,82,67,32),(16101,'Ossining High School','661401030007',1323,373,7062,83,67,32),(16102,'Park School','661401030003',603,373,7062,82,67,32),(16103,'Roosevelt School','661401030005',309,373,7062,82,67,32),(16104,'Hillcrest School','661500010001',424,373,7063,82,66,32),(16105,'Oakside School','661500010002',491,373,7063,82,66,32),(16106,'Peekskill High School','661500010009',869,373,7063,83,66,32),(16107,'Peekskill Middle School','661500010010',580,373,7063,84,66,32),(16108,'Woodside School','661500010004',611,373,7063,82,66,32),(16109,'Colonial School','661601030001',319,373,7064,82,68,32),(16110,'Hutchinson School','661601030002',360,373,7064,82,68,32),(16111,'Pelham Memorial High School','661601030005',816,373,7064,83,68,32),(16112,'Pelham Middle School','661601030006',663,373,7064,84,68,32),(16113,'Prospect Hill School','661601030003',355,373,7064,82,68,32),(16114,'Siwanoy School','661601030004',291,373,7064,82,68,32),(16115,'Bedford Road School','660809030002',639,373,7065,82,68,32),(16116,'Pleasantville High School','660809030003',586,373,7065,83,68,32),(16117,'Pleasantville Middle School','660809030004',575,373,7065,84,68,32),(16118,'Pocantico Hills Central School','660802040001',302,373,7066,82,68,32),(16119,'John F Kennedy Magnet School','661904030003',771,373,7067,82,66,32),(16120,'King Street School','661904030004',443,373,7067,82,66,32),(16121,'Park Avenue School','661904030005',469,373,7067,82,66,32),(16122,'Port Chester Middle School','661904030010',884,373,7067,84,66,32),(16123,'Port Chester Senior High School','661904030008',1183,373,7067,83,66,32),(16124,'Thomas A Edison School','661904030006',433,373,7067,82,66,32),(16125,'Midland School','661800010001',547,373,7068,82,68,32),(16126,'Milton School','661800010002',415,373,7068,82,68,32),(16127,'Osborn School','661800010003',583,373,7068,82,68,32),(16128,'Rye High School','661800010004',871,373,7068,83,68,32),(16129,'Rye Middle School','661800010005',759,373,7068,84,68,32),(16130,'Daniel Warren Elementary School','661901030005',405,373,7069,82,68,32),(16131,'F E Bellows Elementary School','661901030001',345,373,7069,82,68,32),(16132,'Rye Neck Middle School','661901030004',347,373,7069,84,68,32),(16133,'Rye Neck Senior High School','661901030002',416,373,7069,83,68,32),(16134,'Edgewood School','662001030001',409,373,7070,82,68,32),(16135,'Fox Meadow School','662001030002',502,373,7070,82,68,32),(16136,'Greenacres School','662001030003',411,373,7070,82,68,32),(16137,'Heathcote School','662001030004',396,373,7070,82,68,32),(16138,'Quaker Ridge School','662001030005',452,373,7070,82,68,32),(16139,'Scarsdale Middle School','662001030011',1179,373,7070,84,68,32),(16140,'Scarsdale Senior High School','662001030010',1417,373,7070,83,68,32),(16141,'Primrose School','662101060002',744,373,7071,82,68,32),(16142,'Somers Intermediate School','662101060003',809,373,7071,82,68,32),(16143,'Somers Middle School','662101060004',868,373,7071,84,68,32),(16144,'Somers Senior High School','662101060001',1032,373,7071,83,68,32),(16145,'Tuckahoe High School','660302030002',307,373,7072,83,68,32),(16146,'Tuckahoe Middle School','660302030003',237,373,7072,84,68,32),(16147,'William E Cottle School','660302030001',512,373,7072,82,68,32),(16148,'John Paulding School','660401030001',346,373,7073,82,67,32),(16149,'Sleepy Hollow High School','660401030003',844,373,7073,83,67,32),(16150,'Sleepy Hollow Middle School','660401030007',595,373,7073,84,67,32),(16151,'W L Morse School','660401030002',404,373,7073,82,67,32),(16152,'Washington Irving Interm School','660401030006',561,373,7073,82,67,32),(16153,'Kensico School','660805030001',399,373,7074,82,68,32),(16154,'Valhalla High School','660805030004',428,373,7074,83,68,32),(16155,'Valhalla Middle School','660805030005',399,373,7074,84,68,32),(16156,'Virginia Road Elementary School','660805030003',347,373,7074,82,68,32),(16157,'Church Street School','662200010001',715,373,7075,82,67,32),(16158,'George Washington School','662200010002',732,373,7075,82,67,32),(16159,'Mamaroneck Avenue School','662200010003',660,373,7075,82,67,32),(16160,'New York Hospital Annex','662200010014',18,373,7075,83,67,32),(16161,'Post Road School','662200010005',599,373,7075,82,67,32),(16162,'Ridgeway School','662200010006',677,373,7075,82,67,32),(16163,'White Plains Middle School','662200010012',1522,373,7075,84,67,32),(16164,'White Plains Senior High School','662200010011',2211,373,7075,83,67,32),(16165,'Casimir Pulaski School','662300010026',554,373,7076,82,70,32),(16166,'Cedar Place Elementary School','662300010045',478,373,7076,82,70,32),(16167,'Cross Hill Academy','662300010036',759,373,7076,82,70,32),(16168,'Enrico Fermi School For The Performing Arts','662300010033',1007,373,7076,82,70,32),(16169,'Eugenio Maria De Hostos Microsociety School','662300010019',569,373,7076,82,70,32),(16170,'Family School 32','662300010002',586,373,7076,82,70,32),(16171,'Foxfire School','662300010007',443,373,7076,82,70,32),(16172,'Gorton High School','662300010037',1219,373,7076,83,70,32),(16173,'Kahlil Gibran School','662300010028',431,373,7076,82,70,32),(16174,'Lincoln High School','662300010038',1288,373,7076,83,70,32),(16175,'Mlk Jr High Tech & Computer Magnet School','662300010046',509,373,7076,82,70,32),(16176,'Montessori School 27','662300010027',411,373,7076,82,70,32),(16177,'Montessori School 31','662300010004',376,373,7076,82,70,32),(16178,'Museum School 25','662300010025',493,373,7076,82,70,32),(16179,'Paideia School 15','662300010015',621,373,7076,82,70,32),(16180,'Paideia School 24','662300010024',452,373,7076,82,70,32),(16181,'Palisade Preparatory School','662300010056',396,373,7076,85,70,32),(16182,'Patricia A Dichiaro School','662300010008',483,373,7076,82,70,32),(16183,'Pearls Hawthorne School','662300010047',1178,373,7076,82,70,32),(16184,'Riverside High School','662300010050',1006,373,7076,83,70,32),(16185,'Robert C Dodson School','662300010001',834,373,7076,82,70,32),(16186,'Roosevelt High School','662300010043',871,373,7076,83,70,32),(16187,'Rosmarie Ann Siragusa School','662300010014',514,373,7076,82,70,32),(16188,'Saunders Trades & Technical High School','662300010040',1172,373,7076,83,70,32),(16189,'Scholastic Academy For Academic Excellence','662300010018',619,373,7076,82,70,32),(16190,'School 13','662300010013',630,373,7076,82,70,32),(16191,'School 16','662300010016',471,373,7076,82,70,32),(16192,'School 17','662300010017',494,373,7076,82,70,32),(16193,'School 21','662300010021',483,373,7076,82,70,32),(16194,'School 22','662300010022',482,373,7076,82,70,32),(16195,'School 23','662300010023',567,373,7076,82,70,32),(16196,'School 29','662300010029',644,373,7076,82,70,32),(16197,'School 30','662300010030',503,373,7076,82,70,32),(16198,'School 5','662300010005',607,373,7076,82,70,32),(16199,'School 9','662300010009',412,373,7076,82,70,32),(16200,'Yonkers High School','662300010048',1124,373,7076,83,70,32),(16201,'Yonkers Middle School','662300010055',707,373,7076,87,70,32),(16202,'Yonkers Montessori Academy','662300010044',1175,373,7076,82,70,32),(16203,'Brookside School','662402060003',508,373,7077,82,68,32),(16204,'Crompond School','662402060004',613,373,7077,82,68,32),(16205,'Mildred E Strang Middle School','662402060002',883,373,7077,84,68,32),(16206,'Mohansic School','662402060005',461,373,7077,82,68,32),(16207,'Yorktown High School','662402060001',1331,373,7077,83,68,32),(16208,'Attica Elementary School','670201060002',392,374,7078,82,67,32),(16209,'Attica Junior High School','670201060004',476,374,7078,84,67,32),(16210,'Attica Senior High School','670201060001',535,374,7078,83,67,32),(16211,'Sheldon Elementary School','670201060003',121,374,7078,82,67,32),(16212,'Letchworth Elementary School','670401040002',363,374,7079,82,67,32),(16213,'Letchworth Middle School','670401040003',280,374,7079,84,67,32),(16214,'Letchworth Senior High School','670401040001',337,374,7079,83,67,32),(16215,'Perry Elementary School','671201060001',360,374,7080,82,67,32),(16216,'Perry High School','671201060002',308,374,7080,83,67,32),(16217,'Perry Middle School','671201060003',280,374,7080,84,67,32),(16218,'Warsaw Elementary School','671501040001',470,374,7081,82,67,32),(16219,'Warsaw Middle/Senior High School','671501040002',548,374,7081,85,67,32),(16220,'Wyoming Central School','671002040001',167,374,7082,82,67,32),(16221,'Dundee Elementary School','680801040002',440,375,7083,82,69,32),(16222,'Dundee Junior-Senior High School','680801040001',416,375,7083,85,69,32),(16223,'Penn Yan Academy','680601060001',587,375,7084,83,69,32),(16224,'Penn Yan Elementary School','680601060005',658,375,7084,82,69,32),(16225,'Penn Yan Middle School','680601060002',446,375,7084,84,69,32);
/*!40000 ALTER TABLE `schools` ENABLE KEYS */;
UNLOCK TABLES;

--
-- Table structure for table `schooltypes`
--

DROP TABLE IF EXISTS `schooltypes`;
/*!40101 SET @saved_cs_client     = @@character_set_client */;
/*!40101 SET character_set_client = utf8 */;
CREATE TABLE `schooltypes` (
  `schooltypeid` int(11) NOT NULL AUTO_INCREMENT,
  `schooltypename` text NOT NULL,
  PRIMARY KEY (`schooltypeid`)
) ENGINE=InnoDB AUTO_INCREMENT=33 DEFAULT CHARSET=latin1;
/*!40101 SET character_set_client = @saved_cs_client */;

--
-- Dumping data for table `schooltypes`
--

LOCK TABLES `schooltypes` WRITE;
/*!40000 ALTER TABLE `schooltypes` DISABLE KEYS */;
INSERT INTO `schooltypes` VALUES (31,'Charter School'),(32,'Public');
/*!40000 ALTER TABLE `schooltypes` ENABLE KEYS */;
UNLOCK TABLES;
/*!40103 SET TIME_ZONE=@OLD_TIME_ZONE */;

/*!40101 SET SQL_MODE=@OLD_SQL_MODE */;
/*!40014 SET FOREIGN_KEY_CHECKS=@OLD_FOREIGN_KEY_CHECKS */;
/*!40014 SET UNIQUE_CHECKS=@OLD_UNIQUE_CHECKS */;
/*!40101 SET CHARACTER_SET_CLIENT=@OLD_CHARACTER_SET_CLIENT */;
/*!40101 SET CHARACTER_SET_RESULTS=@OLD_CHARACTER_SET_RESULTS */;
/*!40101 SET COLLATION_CONNECTION=@OLD_COLLATION_CONNECTION */;
/*!40111 SET SQL_NOTES=@OLD_SQL_NOTES */;

-- Dump completed on 2013-03-27  5:28:05
